PLAYER,TEAM,GP,L,MIN,DRIVES,FGM,FGA,FG%,FTM,FTA,FT%,PTS,PTS%,PASS,PASS%,AST,AST%,TO,TOV%,PF,PF%
Caris LeVert,ATL,18,18,452,139,23,54,42.6,13,18,72.2,60,43.2,62,44.6,15,10.8,7,5.0,9,6.5
Clint Capela,ATL,28,28,586,10,1,6,16.7,2,2,100.0,4,40.0,3,30.0,1,10.0,0,0.0,1,10.0
Daeqwon Plowden,ATL,3,3,14,0,0,0,0.0,0,0,0.0,0,0.0,0,0.0,0,0.0,0,0.0,0,0.0
Dominick Barlow,ATL,22,22,197,16,4,12,33.3,0,0,0.0,8,50.0,4,25.0,2,12.5,0,0.0,0,0.0
Dyson Daniels,ATL,39,39,1309,391,71,165,43.0,10,18,55.6,155,39.6,185,47.3,34,8.7,22,5.6,9,2.3
Garrison Mathews,ATL,26,26,439,29,2,9,22.2,8,10,80.0,12,41.4,12,41.4,4,13.8,2,6.9,5,17.2
Georges Niang,ATL,24,24,558,75,18,35,51.4,10,12,83.3,46,61.3,25,33.3,8,10.7,5,6.7,6,8.0
Jacob Toppin,ATL,4,4,12,1,0,1,0.0,0,0,0.0,0,0.0,0,0.0,0,0.0,0,0.0,0,0.0
Jalen Johnson,ATL,18,18,619,174,37,85,43.5,22,28,78.6,99,56.9,54,31.0,11,6.3,15,8.6,14,8.0
Keaton Wallace,ATL,16,16,243,47,10,15,66.7,2,2,100.0,22,46.8,24,51.1,2,4.3,6,12.8,1,2.1
Kobe Bufkin,ATL,4,4,45,9,4,4,100.0,0,0,0.0,8,88.9,3,33.3,0,0.0,1,11.1,0,0.0
Larry Nance Jr.,ATL,14,14,246,12,1,5,20.0,0,0,0.0,2,16.7,6,50.0,0,0.0,0,0.0,0,0.0
Mouhamed Gueye,ATL,18,18,254,14,5,6,83.3,3,4,75.0,13,92.9,5,35.7,1,7.1,0,0.0,2,14.3
Onyeka Okongwu,ATL,39,39,1091,41,11,26,42.3,9,10,90.0,32,78.0,10,24.4,5,12.2,0,0.0,5,12.2
Terance Mann,ATL,30,30,654,106,17,39,43.6,11,16,68.8,45,42.5,52,49.1,16,15.1,6,5.7,8,7.5
Trae Young,ATL,40,40,1461,724,125,276,45.3,98,110,89.1,363,50.1,324,44.8,106,14.6,52,7.2,55,7.6
Vít Krejčí,ATL,29,29,603,83,7,19,36.8,4,8,50.0,18,21.7,54,65.1,16,19.3,5,6.0,4,4.8
Zaccharie Risacher,ATL,37,37,926,131,25,75,33.3,13,16,81.3,65,49.6,33,25.2,8,6.1,13,9.9,8,6.1
Cam Thomas,BKN,17,17,533,262,57,118,48.3,43,51,84.3,163,62.2,89,34.0,31,11.8,17,6.5,26,9.9
Cameron Johnson,BKN,36,36,1135,240,52,99,52.5,24,26,92.3,131,54.6,106,44.2,28,11.7,18,7.5,13,5.4
Cui Cui,BKN,3,3,7,1,0,1,0.0,0,0,0.0,0,0.0,0,0.0,0,0.0,0,0.0,0,0.0
D'Angelo Russell,BKN,32,32,787,183,43,89,48.3,28,32,87.5,118,64.5,57,31.1,17,9.3,10,5.5,16,8.7
Dariq Whitehead,BKN,14,14,185,18,3,9,33.3,1,2,50.0,7,38.9,6,33.3,0,0.0,2,11.1,1,5.6
Day'Ron Sharpe,BKN,36,36,686,31,7,17,41.2,8,10,80.0,23,74.2,6,19.4,1,3.2,2,6.5,5,16.1
De'Anthony Melton,BKN,2,2,35,6,2,3,66.7,0,0,0.0,4,66.7,2,33.3,0,0.0,0,0.0,0,0.0
Drew Timme,BKN,6,6,175,20,0,5,0.0,6,6,100.0,6,30.0,8,40.0,0,0.0,4,20.0,3,15.0
Jalen Wilson,BKN,54,54,1359,310,36,106,34.0,44,52,84.6,119,38.4,148,47.7,31,10.0,20,6.5,26,8.4
Keon Johnson,BKN,54,54,1346,353,67,153,43.8,26,38,68.4,165,46.7,142,40.2,32,9.1,23,6.5,19,5.4
Killian Hayes,BKN,5,5,136,41,4,10,40.0,6,6,100.0,14,34.1,26,63.4,6,14.6,1,2.4,3,7.3
Maxwell Lewis,BKN,19,19,233,39,11,24,45.8,1,2,50.0,24,61.5,11,28.2,3,7.7,2,5.1,1,2.6
Nic Claxton,BKN,50,50,1341,137,40,86,46.5,16,30,53.3,98,71.5,25,18.2,3,2.2,6,4.4,15,10.9
Noah Clowney,BKN,35,35,798,75,6,32,18.8,10,11,90.9,22,29.3,23,30.7,5,6.7,9,12.0,6,8.0
Reece Beekman,BKN,23,23,358,98,16,40,40.0,14,18,77.8,44,44.9,44,44.9,5,5.1,3,3.1,8,8.2
Tosan Evbuomwan,BKN,20,20,475,130,28,62,45.2,18,28,64.3,76,58.5,39,30.0,9,6.9,11,8.5,14,10.8
Trendon Watford,BKN,28,28,578,230,55,109,50.5,27,39,69.2,142,61.7,76,33.0,22,9.6,19,8.3,20,8.7
Tyrese Martin,BKN,44,44,1000,204,39,84,46.4,14,16,87.5,93,45.6,87,42.6,26,12.7,22,10.8,8,3.9
Tyson Etienne,BKN,6,6,126,11,1,1,100.0,3,4,75.0,5,45.5,6,54.5,0,0.0,0,0.0,2,18.2
Ziaire Williams,BKN,41,41,977,112,18,55,32.7,19,20,95.0,57,50.9,31,27.7,4,3.6,11,9.8,11,9.8
Al Horford,BOS,16,16,441,13,3,5,60.0,0,0,0.0,6,46.2,7,53.8,1,7.7,1,7.7,0,0.0
Baylor Scheierman,BOS,4,4,64,13,4,7,57.1,2,2,100.0,10,76.9,3,23.1,0,0.0,0,0.0,1,7.7
Derrick White,BOS,18,18,612,81,16,27,59.3,6,8,75.0,39,48.1,37,45.7,6,7.4,12,14.8,4,4.9
Drew Peterson,BOS,8,8,64,1,0,0,0.0,0,0,0.0,0,0.0,1,100.0,0,0.0,0,0.0,0,0.0
JD Davison,BOS,3,3,27,3,1,2,50.0,0,0,0.0,2,66.7,0,0.0,0,0.0,1,33.3,0,0.0
Jaylen Brown,BOS,17,17,621,238,58,113,51.3,19,30,63.3,140,58.8,80,33.6,23,9.7,19,8.0,15,6.3
Jayson Tatum,BOS,19,19,713,227,55,103,53.4,42,54,77.8,160,70.5,78,34.4,22,9.7,11,4.8,27,11.9
Jordan Walsh,BOS,13,13,93,4,0,2,0.0,0,2,0.0,0,0.0,1,25.0,0,0.0,0,0.0,1,25.0
Jrue Holiday,BOS,15,15,458,78,18,34,52.9,4,4,100.0,41,52.6,37,47.4,11,14.1,5,6.4,2,2.6
Kristaps Porziņģis,BOS,12,12,350,15,1,7,14.3,4,4,100.0,7,46.7,6,40.0,0,0.0,0,0.0,2,13.3
Luke Kornet,BOS,20,20,327,3,2,2,100.0,0,0,0.0,4,133.3,1,33.3,0,0.0,0,0.0,0,0.0
Miles Norris,BOS,1,1,19,0,0,0,0.0,0,0,0.0,0,0.0,0,0.0,0,0.0,0,0.0,0,0.0
Neemias Queta,BOS,16,16,211,3,0,1,0.0,0,0,0.0,0,0.0,1,33.3,1,33.3,1,33.3,0,0.0
Payton Pritchard,BOS,21,21,612,105,22,37,59.5,6,6,100.0,51,48.6,60,57.1,9,8.6,3,2.9,3,2.9
Sam Hauser,BOS,19,19,356,10,2,3,66.7,0,0,0.0,4,40.0,7,70.0,2,20.0,0,0.0,0,0.0
Torrey Craig,BOS,10,10,131,9,2,2,100.0,0,0,0.0,4,44.4,4,44.4,1,11.1,3,33.3,0,0.0
Xavier Tillman,BOS,7,7,31,3,0,1,0.0,0,0,0.0,0,0.0,1,33.3,0,0.0,1,33.3,0,0.0
Brandon Miller,CHA,19,19,669,158,32,82,39.0,29,30,96.7,95,60.1,53,33.5,11,7.0,7,4.4,15,9.5
DaQuan Jeffries,CHA,38,38,839,88,22,53,41.5,6,8,75.0,52,59.1,23,26.1,5,5.7,6,6.8,4,4.5
Damion Baugh,CHA,14,14,341,92,14,43,32.6,2,2,100.0,30,32.6,40,43.5,10,10.9,7,7.6,1,1.1
Grant Williams,CHA,10,10,304,24,0,11,0.0,4,4,100.0,4,16.7,7,29.2,1,4.2,3,12.5,2,8.3
Isaiah Wong,CHA,18,18,244,94,18,46,39.1,15,18,83.3,52,55.3,30,31.9,3,3.2,9,9.6,9,9.6
Josh Green,CHA,51,51,1452,179,21,55,38.2,9,16,56.3,52,29.1,88,49.2,19,10.6,17,9.5,9,5.0
Josh Okogie,CHA,29,29,522,131,22,52,42.3,30,38,78.9,77,58.8,46,35.1,9,6.9,7,5.3,19,14.5
Jusuf Nurkić,CHA,33,33,656,30,7,18,38.9,5,8,62.5,19,63.3,5,16.7,2,6.7,3,10.0,4,13.3
KJ Simpson,CHA,33,33,778,211,42,113,37.2,19,20,95.0,105,49.8,76,36.0,17,8.1,10,4.7,11,5.2
LaMelo Ball,CHA,31,31,963,467,113,243,46.5,62,74,83.8,298,63.8,147,31.5,43,9.2,27,5.8,37,7.9
Marcus Garrett,CHA,3,3,61,20,7,13,53.8,0,0,0.0,14,70.0,6,30.0,3,15.0,1,5.0,0,0.0
Mark Williams,CHA,35,35,899,24,8,19,42.1,4,4,100.0,20,83.3,1,4.2,0,0.0,2,8.3,2,8.3
Miles Bridges,CHA,48,48,1505,583,155,337,46.0,79,90,87.8,406,69.6,149,25.6,28,4.8,40,6.9,45,7.7
Moussa Diabaté,CHA,56,56,956,33,16,21,76.2,3,4,75.0,35,106.1,3,9.1,0,0.0,5,15.2,2,6.1
Nick Smith Jr.,CHA,46,46,1058,287,58,135,43.0,21,22,95.5,138,48.1,126,43.9,23,8.0,14,4.9,11,3.8
Seth Curry,CHA,51,51,799,128,27,60,45.0,4,4,100.0,61,47.7,56,43.8,12,9.4,8,6.3,2,1.6
Taj Gibson,CHA,27,27,314,7,1,6,16.7,0,0,0.0,2,28.6,1,14.3,0,0.0,0,0.0,0,0.0
Tidjane Salaün,CHA,48,48,1054,118,16,55,29.1,24,34,70.6,57,48.3,27,22.9,9,7.6,15,12.7,17,14.4
Tre Mann,CHA,7,7,171,90,16,40,40.0,6,6,100.0,39,43.3,40,44.4,9,10.0,5,5.6,3,3.3
Wendell Moore Jr.,CHA,25,25,371,56,8,23,34.8,7,8,87.5,23,41.1,26,46.4,3,5.4,1,1.8,4,7.1
Adama Sanogo,CHI,2,2,5,0,0,0,0.0,0,0,0.0,0,0.0,0,0.0,0,0.0,0,0.0,0,0.0
Ayo Dosunmu,CHI,29,29,856,211,41,68,60.3,11,14,78.6,96,45.5,117,55.5,22,10.4,13,6.2,7,3.3
Chris Duarte,CHI,13,13,60,15,6,8,75.0,0,0,0.0,14,93.3,6,40.0,1,6.7,0,0.0,1,6.7
Coby White,CHI,39,39,1261,459,79,163,48.5,42,48,87.5,205,44.7,222,48.4,42,9.2,30,6.5,25,5.4
Dalen Terry,CHI,40,40,501,109,17,37,45.9,11,16,68.8,45,41.3,58,53.2,8,7.3,6,5.5,8,7.3
E.J. Liddell,CHI,6,6,36,1,1,1,100.0,0,0,0.0,2,200.0,0,0.0,0,0.0,0,0.0,0,0.0
Emanuel Miller,CHI,2,2,6,1,0,1,0.0,0,0,0.0,0,0.0,0,0.0,0,0.0,0,0.0,0,0.0
Jahmir Young,CHI,2,2,12,1,1,1,100.0,0,0,0.0,2,200.0,0,0.0,0,0.0,0,0.0,0,0.0
Jalen Smith,CHI,36,36,552,40,13,23,56.5,7,8,87.5,35,87.5,8,20.0,1,2.5,4,10.0,4,10.0
Jevon Carter,CHI,23,23,239,42,5,20,25.0,0,0,0.0,10,23.8,21,50.0,7,16.7,0,0.0,0,0.0
Josh Giddey,CHI,37,37,1076,386,62,141,44.0,31,37,83.8,157,40.7,193,50.0,47,12.2,20,5.2,19,4.9
Julian Phillips,CHI,42,42,583,54,8,17,47.1,6,10,60.0,24,44.4,29,53.7,3,5.6,1,1.9,5,9.3
Kevin Huerter,CHI,30,30,665,69,17,32,53.1,3,6,50.0,37,53.6,26,37.7,5,7.2,7,10.1,3,4.3
Lonzo Ball,CHI,19,19,421,43,4,12,33.3,2,2,100.0,10,23.3,26,60.5,4,9.3,3,7.0,1,2.3
Matas Buzelis,CHI,41,41,762,115,25,63,39.7,27,32,84.4,78,67.8,27,23.5,7,6.1,8,7.0,16,13.9
Nikola Vučević,CHI,39,39,1215,140,32,71,45.1,10,10,100.0,77,55.0,49,35.0,5,3.6,10,7.1,5,3.6
Patrick Williams,CHI,32,32,784,142,27,64,42.2,15,20,75.0,71,50.0,51,35.9,11,7.7,9,6.3,10,7.0
Talen Horton-Tucker,CHI,32,32,382,145,37,72,51.4,14,21,66.7,93,64.1,58,40.0,13,9.0,4,2.8,11,7.6
Tre Jones,CHI,25,25,448,153,25,60,41.7,11,14,78.6,65,42.5,77,50.3,20,13.1,4,2.6,7,4.6
Zach Collins,CHI,30,30,459,25,7,13,53.8,2,2,100.0,16,64.0,9,36.0,1,4.0,2,8.0,1,4.0
Chuma Okeke,CLE,7,7,177,6,2,2,100.0,0,0,0.0,4,66.7,4,66.7,2,33.3,0,0.0,0,0.0
Craig Porter Jr.,CLE,11,11,150,47,9,22,40.9,1,2,50.0,19,40.4,21,44.7,6,12.8,3,6.4,1,2.1
Darius Garland,CLE,15,15,486,245,53,101,52.5,23,26,88.5,132,53.9,111,45.3,27,11.0,12,4.9,13,5.3
De'Andre Hunter,CLE,26,26,735,154,40,80,50.0,26,28,92.9,107,69.5,40,26.0,6,3.9,10,6.5,14,9.1
Dean Wade,CLE,12,12,253,18,0,1,0.0,3,4,75.0,3,16.7,14,77.8,5,27.8,1,5.6,2,11.1
Donovan Mitchell,CLE,16,16,536,241,60,130,46.2,29,34,85.3,152,63.1,70,29.0,21,8.7,15,6.2,17,7.1
Emoni Bates,CLE,1,1,42,6,2,3,66.7,0,0,0.0,4,66.7,3,50.0,0,0.0,0,0.0,0,0.0
Evan Mobley,CLE,13,13,388,81,19,48,39.6,9,16,56.3,49,60.5,20,24.7,5,6.2,2,2.5,8,9.9
Isaac Okoro,CLE,11,11,205,18,2,8,25.0,2,2,100.0,7,38.9,6,33.3,2,11.1,3,16.7,1,5.6
Jarrett Allen,CLE,18,18,467,6,1,2,50.0,0,0,0.0,2,33.3,3,50.0,1,16.7,1,16.7,0,0.0
Javonte Green,CLE,44,44,883,55,10,31,32.3,7,14,50.0,27,49.1,10,18.2,4,7.3,4,7.3,7,12.7
Jaylon Tyson,CLE,10,10,112,25,4,12,33.3,0,0,0.0,8,32.0,9,36.0,1,4.0,3,12.0,0,0.0
Luke Travers,CLE,2,2,29,4,0,2,0.0,0,0,0.0,0,0.0,1,25.0,0,0.0,0,0.0,0,0.0
Max Strus,CLE,11,11,292,31,7,12,58.3,0,0,0.0,14,45.2,16,51.6,5,16.1,1,3.2,0,0.0
Nae'Qwan Tomlin,CLE,1,1,47,8,2,6,33.3,2,4,50.0,6,75.0,0,0.0,0,0.0,0,0.0,2,25.0
Sam Merrill,CLE,17,17,311,13,2,4,50.0,2,2,100.0,6,46.2,7,53.8,3,23.1,0,0.0,1,7.7
Tristan Thompson,CLE,9,9,117,9,2,6,33.3,1,4,25.0,5,55.6,1,11.1,0,0.0,0,0.0,2,22.2
Ty Jerome,CLE,15,15,337,126,32,52,61.5,21,27,77.8,87,69.0,52,41.3,16,12.7,5,4.0,14,11.1
Anthony Davis,DAL,21,21,711,92,38,67,56.7,14,22,63.6,94,102.2,7,7.6,1,1.1,6,6.5,11,12.0
Brandon Williams,DAL,18,18,306,111,29,47,61.7,17,22,77.3,77,69.4,48,43.2,11,9.9,4,3.6,11,9.9
Caleb Martin,DAL,28,28,774,177,28,62,45.2,16,30,53.3,74,41.8,84,47.5,24,13.6,11,6.2,15,8.5
Daniel Gafford,DAL,29,29,614,22,11,17,64.7,6,8,75.0,28,127.3,1,4.5,0,0.0,0,0.0,4,18.2
Danté Exum,DAL,13,13,224,89,17,38,44.7,8,12,66.7,42,47.2,35,39.3,6,6.7,5,5.6,6,6.7
Dereck Lively II,DAL,15,15,340,3,1,2,50.0,2,2,100.0,4,133.3,0,0.0,0,0.0,0,0.0,1,33.3
Dwight Powell,DAL,30,30,328,3,0,2,0.0,0,0,0.0,0,0.0,1,33.3,0,0.0,0,0.0,0,0.0
Jaden Hardy,DAL,27,27,503,162,38,68,55.9,18,28,64.3,94,58.0,56,34.6,16,9.9,21,13.0,15,9.3
Jazian Gortman,DAL,8,8,33,11,1,4,25.0,0,0,0.0,2,18.2,5,45.5,0,0.0,1,9.1,0,0.0
Kai Jones,DAL,20,20,296,11,5,5,100.0,4,4,100.0,16,145.5,4,36.4,3,27.3,0,0.0,2,18.2
Kessler Edwards,DAL,23,23,389,33,5,14,35.7,2,2,100.0,12,36.4,17,51.5,1,3.0,1,3.0,1,3.0
Klay Thompson,DAL,39,39,1108,158,21,61,34.4,5,6,83.3,48,30.4,72,45.6,17,10.8,20,12.7,3,1.9
Kyrie Irving,DAL,22,22,819,290,94,169,55.6,41,44,93.2,235,81.0,73,25.2,12,4.1,18,6.2,22,7.6
Max Christie,DAL,38,38,1064,150,31,70,44.3,17,20,85.0,81,54.0,59,39.3,10,6.7,6,4.0,10,6.7
Moses Brown,DAL,8,8,50,2,1,2,50.0,0,0,0.0,2,100.0,0,0.0,0,0.0,0,0.0,0,0.0
Naji Marshall,DAL,37,37,1094,311,99,176,56.3,46,54,85.2,248,79.7,83,26.7,21,6.8,24,7.7,27,8.7
Olivier-Maxence Prosper,DAL,25,25,317,59,8,23,34.8,11,12,91.7,27,45.8,24,40.7,7,11.9,3,5.1,6,10.2
P.J. Washington,DAL,26,26,855,210,48,111,43.2,30,42,71.4,130,61.9,53,25.2,9,4.3,19,9.0,21,10.0
Spencer Dinwiddie,DAL,42,42,1174,356,68,154,44.2,42,54,77.8,187,52.5,140,39.3,32,9.0,19,5.3,27,7.6
Aaron Gordon,DEN,18,18,542,51,10,22,45.5,11,16,68.8,32,62.7,16,31.4,3,5.9,4,7.8,8,15.7
Christian Braun,DEN,31,31,1061,124,32,66,48.5,12,14,85.7,81,65.3,41,33.1,8,6.5,10,8.1,7,5.6
Dario Šarić,DEN,9,9,140,12,3,7,42.9,0,2,0.0,6,50.0,4,33.3,1,8.3,0,0.0,1,8.3
DeAndre Jordan,DEN,19,19,240,0,0,0,0.0,0,0,0.0,0,0.0,0,0.0,0,0.0,0,0.0,0,0.0
Hunter Tyson,DEN,21,21,132,8,3,5,60.0,0,0,0.0,6,75.0,3,37.5,1,12.5,0,0.0,0,0.0
Jalen Pickett,DEN,18,18,268,41,5,9,55.6,2,2,100.0,12,29.3,30,73.2,8,19.5,1,2.4,1,2.4
Jamal Murray,DEN,26,26,959,285,64,136,47.1,20,20,100.0,153,53.7,114,40.0,41,14.4,15,5.3,10,3.5
Julian Strawther,DEN,24,24,432,65,16,40,40.0,11,12,91.7,43,66.2,15,23.1,6,9.2,3,4.6,6,9.2
Michael Porter Jr.,DEN,30,30,1025,91,24,46,52.2,12,18,66.7,60,65.9,23,25.3,6,6.6,10,11.0,9,9.9
Nikola Jokić,DEN,24,24,911,149,37,71,52.1,16,22,72.7,92,61.7,54,36.2,12,8.1,5,3.4,11,7.4
PJ Hall,DEN,7,7,29,3,1,1,100.0,2,2,100.0,4,133.3,1,33.3,0,0.0,0,0.0,1,33.3
Peyton Watson,DEN,28,28,672,47,11,20,55.0,7,8,87.5,29,61.7,20,42.6,3,6.4,3,6.4,4,8.5
Russell Westbrook,DEN,32,32,907,295,50,107,46.7,18,32,56.3,122,41.4,135,45.8,22,7.5,29,9.8,16,5.4
Spencer Jones,DEN,7,7,70,4,1,3,33.3,0,0,0.0,2,50.0,1,25.0,0,0.0,0,0.0,0,0.0
Trey Alexander,DEN,9,9,48,16,1,5,20.0,0,0,0.0,2,12.5,10,62.5,2,12.5,1,6.3,0,0.0
Vlatko Čančar,DEN,11,11,101,2,1,1,100.0,0,0,0.0,2,100.0,1,50.0,0,0.0,0,0.0,0,0.0
Zeke Nnaji,DEN,21,21,192,8,0,5,0.0,0,0,0.0,0,0.0,3,37.5,1,12.5,0,0.0,0,0.0
Ausar Thompson,DET,25,25,565,114,25,55,45.5,14,20,70.0,64,56.1,37,32.5,8,7.0,9,7.9,10,8.8
Bobi Klintman,DET,4,4,31,5,1,1,100.0,0,0,0.0,2,40.0,4,80.0,2,40.0,0,0.0,0,0.0
Cade Cunningham,DET,32,32,1143,599,169,333,50.8,74,86,86.0,425,71.0,173,28.9,52,8.7,34,5.7,43,7.2
Daniss Jenkins,DET,4,4,18,3,1,1,100.0,0,2,0.0,2,66.7,1,33.3,0,0.0,0,0.0,1,33.3
Dennis Schröder,DET,38,38,1106,401,67,154,43.5,36,48,75.0,175,43.6,182,45.4,52,13.0,27,6.7,24,6.0
Isaiah Stewart,DET,34,34,660,11,3,4,75.0,0,0,0.0,6,54.5,5,45.5,1,9.1,2,18.2,0,0.0
Jaden Ivey,DET,16,16,447,151,26,74,35.1,23,30,76.7,77,51.0,43,28.5,13,8.6,17,11.3,15,9.9
Jalen Duren,DET,35,35,889,61,16,32,50.0,12,18,66.7,46,75.4,13,21.3,1,1.6,5,8.2,10,16.4
Lindy Waters III,DET,25,25,443,28,6,16,37.5,0,0,0.0,12,42.9,9,32.1,0,0.0,3,10.7,0,0.0
Malik Beasley,DET,38,38,1059,115,29,73,39.7,7,12,58.3,67,58.3,29,25.2,12,10.4,6,5.2,6,5.2
Marcus Sasser,DET,27,27,395,105,27,46,58.7,0,0,0.0,58,55.2,46,43.8,14,13.3,7,6.7,0,0.0
Paul Reed,DET,23,23,247,20,5,12,41.7,5,6,83.3,15,75.0,5,25.0,1,5.0,0,0.0,3,15.0
Ronald Holland II,DET,37,37,566,94,21,44,47.7,10,16,62.5,54,57.4,27,28.7,3,3.2,12,12.8,8,8.5
Simone Fontecchio,DET,37,37,600,53,13,27,48.1,8,10,80.0,35,66.0,13,24.5,1,1.9,6,11.3,5,9.4
Tim Hardaway Jr.,DET,36,36,986,65,18,46,39.1,11,14,78.6,51,78.5,9,13.8,4,6.2,2,3.1,7,10.8
Tobias Harris,DET,33,33,1008,117,36,81,44.4,11,12,91.7,85,72.6,20,17.1,2,1.7,8,6.8,6,5.1
Brandin Podziemski,GSW,26,26,713,148,29,61,47.5,12,16,75.0,73,49.3,68,45.9,18,12.2,7,4.7,8,5.4
Buddy Hield,GSW,34,34,781,87,15,38,39.5,2,2,100.0,32,36.8,39,44.8,3,3.4,9,10.3,1,1.1
Draymond Green,GSW,26,26,765,81,17,33,51.5,6,8,75.0,42,51.9,33,40.7,6,7.4,8,9.9,4,4.9
Gary Payton II,GSW,26,26,382,23,10,16,62.5,1,2,50.0,22,95.7,5,21.7,1,4.3,0,0.0,1,4.3
Gui Santos,GSW,20,20,252,19,3,5,60.0,1,2,50.0,7,36.8,9,47.4,2,10.5,3,15.8,1,5.3
Jackson Rowe,GSW,2,2,29,1,0,1,0.0,0,0,0.0,0,0.0,0,0.0,0,0.0,0,0.0,0,0.0
Jimmy Butler III,GSW,19,19,606,228,37,66,56.1,43,50,86.0,118,51.8,126,55.3,30,13.2,8,3.5,25,11.0
Jonathan Kuminga,GSW,19,19,506,192,38,97,39.2,31,48,64.6,108,56.3,56,29.2,9,4.7,10,5.2,25,13.0
Kevin Knox II,GSW,3,3,13,2,0,1,0.0,0,0,0.0,0,0.0,1,50.0,0,0.0,0,0.0,0,0.0
Kevon Looney,GSW,31,31,450,21,7,12,58.3,0,0,0.0,14,66.7,8,38.1,5,23.8,1,4.8,0,0.0
Moses Moody,GSW,29,29,620,100,21,46,45.7,7,10,70.0,52,52.0,38,38.0,11,11.0,6,6.0,5,5.0
Pat Spencer,GSW,15,15,128,39,11,21,52.4,1,2,50.0,24,61.5,13,33.3,7,17.9,2,5.1,1,2.6
Quinten Post,GSW,16,16,223,8,2,6,33.3,0,0,0.0,5,62.5,2,25.0,1,12.5,0,0.0,0,0.0
Stephen Curry,GSW,29,29,948,272,48,106,45.3,30,30,100.0,129,47.4,119,43.8,22,8.1,24,8.8,15,5.5
Trayce Jackson-Davis,GSW,29,29,496,29,3,19,15.8,2,2,100.0,9,31.0,9,31.0,4,13.8,0,0.0,1,3.4
Aaron Holiday,HOU,23,23,306,80,14,24,58.3,0,0,0.0,30,37.5,47,58.8,8,10.0,7,8.8,0,0.0
Alperen Sengun,HOU,24,24,776,192,54,106,50.9,27,40,67.5,139,72.4,48,25.0,17,8.9,14,7.3,20,10.4
Amen Thompson,HOU,26,26,861,217,38,89,42.7,19,28,67.9,98,45.2,89,41.0,19,8.8,21,9.7,14,6.5
Cam Whitmore,HOU,21,21,412,64,10,38,26.3,5,6,83.3,25,39.1,16,25.0,3,4.7,5,7.8,3,4.7
David Roddy,HOU,24,24,309,74,20,33,60.6,10,12,83.3,51,68.9,28,37.8,7,9.5,6,8.1,6,8.1
Dillon Brooks,HOU,26,26,810,107,26,67,38.8,14,16,87.5,69,64.5,22,20.6,8,7.5,10,9.3,8,7.5
Fred VanVleet,HOU,19,19,666,151,19,47,40.4,11,14,78.6,52,34.4,88,58.3,15,9.9,3,2.0,7,4.6
Jabari Smith Jr.,HOU,17,17,520,31,10,20,50.0,6,6,100.0,26,83.9,7,22.6,2,6.5,1,3.2,3,9.7
Jack McVeigh,HOU,4,4,28,1,0,0,0.0,0,0,0.0,0,0.0,1,100.0,0,0.0,0,0.0,0,0.0
Jae'Sean Tate,HOU,14,14,169,29,5,14,35.7,2,2,100.0,13,44.8,11,37.9,1,3.4,1,3.4,1,3.4
Jalen Green,HOU,30,30,970,331,75,170,44.1,45,52,86.5,199,60.1,99,29.9,17,5.1,22,6.6,26,7.9
Jeff Green,HOU,12,12,181,9,5,6,83.3,2,2,100.0,12,133.3,2,22.2,0,0.0,0,0.0,1,11.1
Jock Landale,HOU,16,16,217,4,2,2,100.0,0,0,0.0,5,125.0,2,50.0,1,25.0,0,0.0,0,0.0
Nate Williams,HOU,6,6,98,29,11,21,52.4,2,2,100.0,24,82.8,3,10.3,1,3.4,3,10.3,1,3.4
Reed Sheppard,HOU,22,22,325,47,13,28,46.4,0,0,0.0,26,55.3,14,29.8,3,6.4,5,10.6,0,0.0
Steven Adams,HOU,20,20,286,7,1,4,25.0,0,0,0.0,2,28.6,2,28.6,2,28.6,1,14.3,0,0.0
Tari Eason,HOU,21,21,514,91,23,52,44.2,4,6,66.7,51,56.0,24,26.4,5,5.5,11,12.1,3,3.3
Aaron Nesmith,IND,16,16,396,58,17,31,54.8,6,6,100.0,43,74.1,20,34.5,4,6.9,2,3.4,3,5.2
Andrew Nembhard,IND,21,21,598,214,34,65,52.3,27,30,90.0,98,45.8,109,50.9,18,8.4,17,7.9,15,7.0
Ben Sheppard,IND,23,23,483,21,6,14,42.9,0,0,0.0,13,61.9,5,23.8,1,4.8,2,9.5,0,0.0
Bennedict Mathurin,IND,29,29,867,230,53,117,45.3,42,52,80.8,151,65.7,60,26.1,8,3.5,19,8.3,26,11.3
Cole Swider,IND,5,5,63,2,1,2,50.0,0,0,0.0,2,100.0,0,0.0,0,0.0,0,0.0,0,0.0
Enrique Freeman,IND,15,15,112,5,2,3,66.7,0,0,0.0,4,80.0,1,20.0,0,0.0,1,20.0,0,0.0
Isaiah Jackson,IND,4,4,59,0,0,0,0.0,0,0,0.0,0,0.0,0,0.0,0,0.0,0,0.0,0,0.0
James Johnson,IND,7,7,26,5,2,2,100.0,0,0,0.0,4,80.0,3,60.0,1,20.0,0,0.0,0,0.0
Jarace Walker,IND,30,30,530,96,20,45,44.4,17,20,85.0,61,63.5,27,28.1,6,6.3,8,8.3,10,10.4
Johnny Furphy,IND,19,19,208,12,3,5,60.0,1,2,50.0,7,58.3,4,33.3,0,0.0,2,16.7,1,8.3
Myles Turner,IND,28,28,845,44,5,24,20.8,11,16,68.8,22,50.0,7,15.9,2,4.5,4,9.1,8,18.2
Obi Toppin,IND,31,31,590,72,20,32,62.5,5,6,83.3,46,63.9,33,45.8,11,15.3,3,4.2,3,4.2
Pascal Siakam,IND,31,31,1011,197,49,95,51.6,20,26,76.9,125,63.5,71,36.0,7,3.6,13,6.6,13,6.6
Quenton Jackson,IND,14,14,198,67,11,23,47.8,8,12,66.7,31,46.3,33,49.3,8,11.9,3,4.5,6,9.0
RayJ Dennis,IND,4,4,28,11,3,6,50.0,2,2,100.0,8,72.7,4,36.4,1,9.1,0,0.0,1,9.1
T.J. McConnell,IND,30,30,538,363,91,159,57.2,16,24,66.7,199,54.8,165,45.5,34,9.4,20,5.5,12,3.3
Thomas Bryant,IND,22,22,294,7,2,5,40.0,0,0,0.0,5,71.4,2,28.6,1,14.3,0,0.0,0,0.0
Tony Bradley,IND,3,3,36,2,0,2,0.0,0,0,0.0,0,0.0,0,0.0,0,0.0,0,0.0,0,0.0
Tyrese Haliburton,IND,27,27,918,277,48,89,53.9,17,18,94.4,118,42.6,165,59.6,33,11.9,13,4.7,9,3.2
Amir Coffey,LAC,31,31,779,72,21,48,43.8,9,10,90.0,53,73.6,13,18.1,4,5.6,5,6.9,5,6.9
Ben Simmons,LAC,25,25,589,134,24,52,46.2,3,4,75.0,53,39.6,63,47.0,13,9.7,11,8.2,2,1.5
Bogdan Bogdanović,LAC,21,21,537,125,23,52,44.2,10,13,76.9,57,45.6,56,44.8,18,14.4,9,7.2,7,5.6
Cam Christie,LAC,3,3,25,0,0,0,0.0,0,0,0.0,0,0.0,0,0.0,0,0.0,0,0.0,0,0.0
Derrick Jones Jr.,LAC,29,29,731,66,21,45,46.7,2,2,100.0,48,72.7,16,24.2,2,3.0,3,4.5,1,1.5
Drew Eubanks,LAC,36,36,501,20,4,9,44.4,2,4,50.0,10,50.0,7,35.0,1,5.0,0,0.0,2,10.0
Ivica Zubac,LAC,30,30,979,19,4,13,30.8,3,4,75.0,11,57.9,1,5.3,0,0.0,1,5.3,2,10.5
James Harden,LAC,29,29,1004,424,71,167,42.5,74,82,90.2,219,51.7,171,40.3,47,11.1,34,8.0,41,9.7
Jordan Miller,LAC,16,16,216,62,13,27,48.1,14,16,87.5,40,64.5,20,32.3,4,6.5,6,9.7,8,12.9
Kawhi Leonard,LAC,11,11,355,117,22,59,37.3,8,10,80.0,53,45.3,40,34.2,8,6.8,7,6.0,5,4.3
Kobe Brown,LAC,15,15,138,25,3,11,27.3,0,0,0.0,6,24.0,11,44.0,4,16.0,2,8.0,0,0.0
Kris Dunn,LAC,29,29,715,84,20,44,45.5,2,4,50.0,42,50.0,32,38.1,11,13.1,3,3.6,2,2.4
Nicolas Batum,LAC,31,31,496,1,0,0,0.0,0,0,0.0,0,0.0,1,100.0,0,0.0,0,0.0,0,0.0
Norman Powell,LAC,21,21,685,221,56,114,49.1,36,42,85.7,154,69.7,68,30.8,21,9.5,14,6.3,21,9.5
Patrick Baldwin Jr.,LAC,21,21,98,3,1,2,50.0,0,0,0.0,2,66.7,1,33.3,0,0.0,0,0.0,0,0.0
Patty Mills,LAC,17,17,235,12,2,5,40.0,0,0,0.0,4,33.3,7,58.3,1,8.3,0,0.0,0,0.0
Trentyn Flowers,LAC,2,2,16,5,2,3,66.7,0,0,0.0,4,80.0,1,20.0,0,0.0,1,20.0,0,0.0
Alex Len,LAL,25,25,228,2,0,1,0.0,2,2,100.0,2,100.0,0,0.0,0,0.0,0,0.0,1,50.0
Armel Traore,LAL,4,4,36,1,0,1,0.0,0,0,0.0,0,0.0,0,0.0,0,0.0,0,0.0,0,0.0
Austin Reaves,LAL,27,27,941,278,60,115,52.2,50,59,84.7,176,63.3,111,39.9,21,7.6,18,6.5,30,10.8
Bronny James,LAL,10,10,127,25,3,9,33.3,3,4,75.0,9,36.0,11,44.0,1,4.0,3,12.0,2,8.0
Cam Reddish,LAL,18,18,299,19,1,6,16.7,3,4,75.0,6,31.6,9,47.4,2,10.5,1,5.3,2,10.5
Christian Koloko,LAL,14,14,151,2,0,0,0.0,2,2,100.0,2,100.0,1,50.0,0,0.0,0,0.0,1,50.0
Dalton Knecht,LAL,31,31,670,72,17,44,38.6,7,8,87.5,42,58.3,18,25.0,3,4.2,5,6.9,4,5.6
Dorian Finney-Smith,LAL,27,27,756,52,9,16,56.3,5,8,62.5,24,46.2,26,50.0,5,9.6,5,9.6,4,7.7
Gabe Vincent,LAL,26,26,542,66,12,27,44.4,3,4,75.0,27,40.9,31,47.0,7,10.6,5,7.6,2,3.0
Jarred Vanderbilt,LAL,11,11,200,11,1,1,100.0,2,4,50.0,4,36.4,4,36.4,1,9.1,3,27.3,2,18.2
Jaxson Hayes,LAL,18,18,313,5,3,3,100.0,2,2,100.0,8,160.0,1,20.0,0,0.0,0,0.0,1,20.0
Jordan Goodwin,LAL,12,12,252,27,6,15,40.0,0,0,0.0,12,44.4,11,40.7,3,11.1,0,0.0,0,0.0
Kylor Kelley,LAL,8,8,114,1,0,0,0.0,0,0,0.0,0,0.0,0,0.0,0,0.0,1,100.0,0,0.0
LeBron James,LAL,26,26,913,279,67,133,50.4,36,48,75.0,172,61.6,93,33.3,24,8.6,19,6.8,24,8.6
Luka Dončić,LAL,19,19,684,328,68,134,50.7,50,62,80.6,194,59.1,129,39.3,29,8.8,20,6.1,31,9.5
Markieff Morris,LAL,8,8,118,13,3,8,37.5,5,6,83.3,11,84.6,2,15.4,2,15.4,0,0.0,3,23.1
Maxi Kleber,LAL,16,16,301,31,8,11,72.7,1,2,50.0,17,54.8,15,48.4,4,12.9,2,6.5,1,3.2
Quincy Olivari,LAL,1,1,2,1,0,0,0.0,0,0,0.0,0,0.0,1,100.0,1,100.0,0,0.0,0,0.0
Rui Hachimura,LAL,22,22,650,58,11,34,32.4,4,8,50.0,27,46.6,15,25.9,4,6.9,4,6.9,4,6.9
Shake Milton,LAL,28,28,453,131,27,61,44.3,13,16,81.3,69,52.7,52,39.7,6,4.6,8,6.1,9,6.9
Trey Jemison III,LAL,21,21,219,11,5,9,55.6,0,0,0.0,10,90.9,2,18.2,1,9.1,0,0.0,0,0.0
Brandon Clarke,MEM,24,24,420,39,5,18,27.8,6,8,75.0,16,41.0,14,35.9,1,2.6,3,7.7,4,10.3
Cam Spencer,MEM,11,11,72,13,1,2,50.0,6,6,100.0,8,61.5,7,53.8,1,7.7,0,0.0,3,23.1
Cole Anthony,MEM,32,32,616,255,47,109,43.1,18,22,81.8,119,46.7,112,43.9,25,9.8,18,7.1,11,4.3
GG Jackson,MEM,10,10,152,44,6,22,27.3,9,14,64.3,21,47.7,12,27.3,3,6.8,2,4.5,7,15.9
Ja Morant,MEM,20,20,639,359,76,179,42.5,51,63,81.0,210,58.5,101,28.1,27,7.5,37,10.3,32,8.9
Jaren Jackson Jr.,MEM,32,32,970,346,114,225,50.7,50,69,72.5,286,82.7,52,15.0,9,2.6,21,6.1,35,10.1
Jay Huff,MEM,27,27,228,39,6,11,54.5,4,8,50.0,16,41.0,18,46.2,2,5.1,4,10.3,4,10.3
Jaylen Wells,MEM,32,32,807,135,25,49,51.0,6,6,100.0,58,43.0,70,51.9,16,11.9,9,6.7,3,2.2
John Konchar,MEM,20,20,234,10,0,1,0.0,0,0,0.0,0,0.0,8,80.0,0,0.0,1,10.0,0,0.0
Kentavious Caldwell-Pope,MEM,39,39,1162,78,15,32,46.9,4,4,100.0,37,47.4,37,47.4,9,11.5,5,6.4,2,2.6
Lamar Stevens,MEM,10,10,55,9,3,5,60.0,0,0,0.0,6,66.7,0,0.0,0,0.0,4,44.4,0,0.0
Luke Kennard,MEM,28,28,619,147,23,46,50.0,3,3,100.0,47,32.0,87,59.2,18,12.2,11,7.5,2,1.4
Marvin Bagley III,MEM,24,24,183,20,8,16,50.0,0,2,0.0,16,80.0,1,5.0,0,0.0,0,0.0,2,10.0
Santi Aldama,MEM,27,27,724,130,29,58,50.0,15,20,75.0,74,56.9,54,41.5,13,10.0,7,5.4,10,7.7
Scotty Pippen Jr.,MEM,33,33,690,273,38,83,45.8,20,24,83.3,101,37.0,148,54.2,36,13.2,21,7.7,12,4.4
Vince Williams Jr.,MEM,17,17,313,48,10,19,52.6,1,2,50.0,22,45.8,23,47.9,6,12.5,4,8.3,1,2.1
Yuki Kawamura,MEM,5,5,18,4,0,0,0.0,0,0,0.0,0,0.0,4,100.0,1,25.0,0,0.0,0,0.0
Zach Edey,MEM,31,31,677,0,0,0,0.0,0,0,0.0,0,0.0,0,0.0,0,0.0,0,0.0,0,0.0
Zyon Pullin,MEM,2,2,2,1,0,1,0.0,0,0,0.0,0,0.0,0,0.0,0,0.0,0,0.0,0,0.0
Alec Burks,MIA,23,23,396,45,8,25,32.0,10,12,83.3,27,60.0,12,26.7,0,0.0,0,0.0,6,13.3
Andrew Wiggins,MIA,33,33,1007,253,57,123,46.3,37,43,86.0,157,62.1,84,33.2,15,5.9,23,9.1,22,8.7
Bam Adebayo,MIA,42,42,1481,198,52,110,47.3,31,40,77.5,138,69.7,43,21.7,8,4.0,14,7.1,20,10.1
Davion Mitchell,MIA,49,49,1314,372,60,121,49.6,13,18,72.2,136,36.6,216,58.1,51,13.7,22,5.9,9,2.4
Dru Smith,MIA,6,6,131,29,5,9,55.6,0,0,0.0,10,34.5,17,58.6,2,6.9,2,6.9,0,0.0
Duncan Robinson,MIA,44,44,1056,169,25,55,45.5,2,2,100.0,52,30.8,99,58.6,23,13.6,10,5.9,1,0.6
Haywood Highsmith,MIA,39,39,932,59,13,21,61.9,3,4,75.0,31,52.5,30,50.8,4,6.8,5,8.5,2,3.4
Jaime Jaquez Jr.,MIA,34,34,761,254,59,116,50.9,28,40,70.0,150,59.1,94,37.0,23,9.1,17,6.7,20,7.9
Josh Christopher,MIA,5,5,50,17,2,7,28.6,0,0,0.0,4,23.5,9,52.9,1,5.9,1,5.9,0,0.0
Josh Richardson,MIA,4,4,74,13,2,5,40.0,0,0,0.0,4,30.8,7,53.8,0,0.0,1,7.7,0,0.0
Kel'el Ware,MIA,36,36,826,12,4,6,66.7,2,2,100.0,10,83.3,2,16.7,2,16.7,3,25.0,1,8.3
Keshad Johnson,MIA,6,6,73,3,2,2,100.0,0,2,0.0,4,133.3,0,0.0,0,0.0,0,0.0,1,33.3
Kevin Love,MIA,10,10,101,4,0,1,0.0,2,2,100.0,2,50.0,2,50.0,0,0.0,0,0.0,1,25.0
Kyle Anderson,MIA,31,31,514,98,26,59,44.1,11,14,78.6,64,65.3,25,25.5,9,9.2,3,3.1,7,7.1
Nikola Jović,MIA,25,25,588,106,20,45,44.4,9,10,90.0,50,47.2,44,41.5,13,12.3,10,9.4,5,4.7
Pelle Larsson,MIA,31,31,437,61,7,17,41.2,8,16,50.0,24,39.3,34,55.7,7,11.5,2,3.3,8,13.1
Terry Rozier,MIA,37,37,947,220,52,106,49.1,21,22,95.5,128,58.2,89,40.5,21,9.5,9,4.1,11,5.0
Tyler Herro,MIA,40,40,1455,587,134,258,51.9,49,54,90.7,321,54.7,259,44.1,76,12.9,37,6.3,27,4.6
AJ Green,MIL,29,29,629,10,2,4,50.0,0,0,0.0,4,40.0,5,50.0,0,0.0,0,0.0,0,0.0
Andre Jackson Jr.,MIL,28,28,404,32,6,14,42.9,1,2,50.0,13,40.6,14,43.8,6,18.8,2,6.3,1,3.1
Bobby Portis,MIL,19,19,487,33,13,22,59.1,1,2,50.0,27,81.8,8,24.2,2,6.1,1,3.0,1,3.0
Brook Lopez,MIL,33,33,1034,47,16,26,61.5,8,10,80.0,42,89.4,8,17.0,1,2.1,5,10.6,5,10.6
Chris Livingston,MIL,6,6,41,4,0,2,0.0,0,0,0.0,0,0.0,2,50.0,0,0.0,0,0.0,0,0.0
Damian Lillard,MIL,26,26,946,319,70,138,50.7,49,54,90.7,198,62.1,116,36.4,33,10.3,23,7.2,27,8.5
Gary Trent Jr.,MIL,30,30,771,71,16,40,40.0,12,14,85.7,44,62.0,22,31.0,3,4.2,1,1.4,7,9.9
Giannis Antetokounmpo,MIL,27,27,948,345,92,176,52.3,49,92,53.3,241,69.9,98,28.4,21,6.1,15,4.3,46,13.3
Jamaree Bouyea,MIL,1,1,3,1,0,0,0.0,0,0,0.0,0,0.0,0,0.0,0,0.0,1,100.0,0,0.0
Jericho Sims,MIL,19,19,221,4,1,2,50.0,0,0,0.0,2,50.0,1,25.0,0,0.0,1,25.0,0,0.0
Kevin Porter Jr.,MIL,32,32,617,264,55,108,50.9,12,22,54.5,123,46.6,124,47.0,35,13.3,14,5.3,11,4.2
Kyle Kuzma,MIL,40,40,1160,312,75,169,44.4,43,60,71.7,193,61.9,79,25.3,11,3.5,26,8.3,30,9.6
Liam Robbins,MIL,5,5,30,0,0,0,0.0,0,0,0.0,0,0.0,0,0.0,0,0.0,0,0.0,0,0.0
Pat Connaughton,MIL,22,22,299,68,11,23,47.8,6,6,100.0,28,41.2,35,51.5,15,22.1,4,5.9,3,4.4
Pete Nance,MIL,5,5,60,5,1,2,50.0,1,2,50.0,3,60.0,2,40.0,0,0.0,0,0.0,1,20.0
Ryan Rollins,MIL,26,26,331,77,19,36,52.8,6,8,75.0,45,58.4,30,39.0,8,10.4,6,7.8,4,5.2
Stanley Umude,MIL,7,7,32,5,0,2,0.0,2,4,50.0,2,40.0,1,20.0,0,0.0,0,0.0,2,40.0
Taurean Prince,MIL,34,34,931,125,25,55,45.5,2,4,50.0,52,41.6,57,45.6,20,16.0,7,5.6,2,1.6
Tyler Smith,MIL,11,11,58,1,1,1,100.0,0,0,0.0,2,200.0,0,0.0,0,0.0,0,0.0,0,0.0
Anthony Edwards,MIN,31,31,1171,456,88,206,42.7,98,121,81.0,283,62.1,140,30.7,28,6.1,38,8.3,62,13.6
Bones Hyland,MIN,13,13,161,38,5,14,35.7,8,8,100.0,19,50.0,11,28.9,3,7.9,7,18.4,4,10.5
Donte DiVincenzo,MIN,25,25,664,130,24,44,54.5,9,14,64.3,57,43.8,62,47.7,18,13.8,15,11.5,7,5.4
Jaden McDaniels,MIN,33,33,1082,167,45,102,44.1,10,12,83.3,103,61.7,50,29.9,14,8.4,6,3.6,6,3.6
Jaylen Clark,MIN,12,12,180,11,3,7,42.9,2,2,100.0,8,72.7,3,27.3,0,0.0,0,0.0,1,9.1
Joe Ingles,MIN,7,7,68,11,1,2,50.0,0,0,0.0,2,18.2,9,81.8,1,9.1,0,0.0,0,0.0
Josh Minott,MIN,14,14,79,10,4,7,57.1,2,2,100.0,10,100.0,1,10.0,0,0.0,1,10.0,1,10.0
Julius Randle,MIN,25,25,844,301,44,108,40.7,41,56,73.2,132,43.9,130,43.2,24,8.0,29,9.6,28,9.3
Leonard Miller,MIN,2,2,6,2,1,1,100.0,0,0,0.0,2,100.0,1,50.0,0,0.0,0,0.0,0,0.0
Luka Garza,MIN,11,11,81,4,3,4,75.0,0,0,0.0,6,150.0,0,0.0,0,0.0,0,0.0,0,0.0
Mike Conley,MIN,27,27,659,131,13,35,37.1,8,8,100.0,35,26.7,75,57.3,20,15.3,11,8.4,4,3.1
Naz Reid,MIN,33,33,943,163,48,102,47.1,18,22,81.8,116,71.2,32,19.6,13,8.0,14,8.6,11,6.7
Nickeil Alexander-Walker,MIN,33,33,863,133,28,53,52.8,13,16,81.3,73,54.9,58,43.6,14,10.5,9,6.8,8,6.0
PJ Dozier,MIN,2,2,5,0,0,0,0.0,0,0,0.0,0,0.0,0,0.0,0,0.0,0,0.0,0,0.0
Rob Dillingham,MIN,19,19,239,86,19,36,52.8,1,2,50.0,39,45.3,38,44.2,4,4.7,10,11.6,1,1.2
Rudy Gobert,MIN,29,29,931,19,3,10,30.0,2,4,50.0,8,42.1,5,26.3,2,10.5,1,5.3,2,10.5
Terrence Shannon Jr.,MIN,11,11,148,32,10,21,47.6,4,4,100.0,24,75.0,9,28.1,5,15.6,0,0.0,2,6.3
Tristen Newton,MIN,6,6,13,4,1,3,33.3,0,0,0.0,2,50.0,1,25.0,1,25.0,0,0.0,0,0.0
Antonio Reeves,NOP,38,38,590,98,22,51,43.1,11,14,78.6,58,59.2,32,32.7,10,10.2,5,5.1,7,7.1
Brandon Boston,NOP,34,34,824,199,38,100,38.0,21,26,80.8,98,49.2,65,32.7,12,6.0,16,8.0,13,6.5
Bruce Brown,NOP,26,26,575,135,21,73,28.8,9,10,90.0,51,37.8,45,33.3,7,5.2,10,7.4,5,3.7
CJ McCollum,NOP,39,39,1255,448,119,251,47.4,37,50,74.0,279,62.3,141,31.5,32,7.1,19,4.2,25,5.6
Daniel Theis,NOP,28,28,413,8,4,5,80.0,0,0,0.0,8,100.0,2,25.0,2,25.0,1,12.5,0,0.0
Dejounte Murray,NOP,22,22,715,314,69,145,47.6,26,34,76.5,166,52.9,108,34.4,25,8.0,34,10.8,17,5.4
Elfrid Payton,NOP,21,21,452,176,26,75,34.7,2,4,50.0,54,30.7,83,47.2,25,14.2,12,6.8,2,1.1
Herbert Jones,NOP,15,15,484,86,21,42,50.0,18,22,81.8,61,70.9,27,31.4,6,7.0,5,5.8,11,12.8
Jamal Cain,NOP,31,31,456,55,20,32,62.5,6,10,60.0,50,90.9,14,25.5,3,5.5,3,5.5,5,9.1
Jeremiah Robinson-Earl,NOP,49,49,999,82,12,38,31.6,3,4,75.0,27,32.9,36,43.9,10,12.2,6,7.3,2,2.4
Jordan Hawkins,NOP,38,38,893,128,21,75,28.0,11,14,78.6,53,41.4,35,27.3,10,7.8,7,5.5,9,7.0
Jose Alvarado,NOP,37,37,944,310,49,119,41.2,19,24,79.2,122,39.4,153,49.4,54,17.4,20,6.5,12,3.9
Karlo Matković,NOP,30,30,563,20,10,16,62.5,0,0,0.0,22,110.0,3,15.0,0,0.0,1,5.0,0,0.0
Keion Brooks Jr.,NOP,12,12,277,39,8,17,47.1,9,12,75.0,26,66.7,13,33.3,0,0.0,2,5.1,6,15.4
Kelly Olynyk,NOP,32,32,642,98,15,40,37.5,15,20,75.0,45,45.9,38,38.8,8,8.2,7,7.1,10,10.2
Lester Quinones,NOP,10,10,157,60,10,21,47.6,5,5,100.0,25,41.7,31,51.7,11,18.3,5,8.3,3,5.0
Matt Ryan,NOP,5,5,15,3,0,2,0.0,0,0,0.0,0,0.0,1,33.3,1,33.3,0,0.0,0,0.0
Mo Bamba,NOP,13,13,161,3,1,1,100.0,0,0,0.0,2,66.7,1,33.3,0,0.0,1,33.3,0,0.0
Trey Murphy III,NOP,39,39,1344,361,91,178,51.1,73,80,91.3,266,73.7,117,32.4,27,7.5,16,4.4,40,11.1
Yves Missi,NOP,54,54,1468,102,26,55,47.3,13,20,65.0,66,64.7,23,22.5,4,3.9,9,8.8,10,9.8
Zion Williamson,NOP,20,20,564,365,91,187,48.7,66,92,71.7,253,69.3,92,25.2,20,5.5,31,8.5,46,12.6
Anton Watson,NYK,4,4,7,0,0,0,0.0,0,0,0.0,0,0.0,0,0.0,0,0.0,0,0.0,0,0.0
Ariel Hukporti,NYK,8,8,77,2,1,1,100.0,0,0,0.0,2,100.0,0,0.0,0,0.0,1,50.0,0,0.0
Cameron Payne,NYK,26,26,380,97,32,69,46.4,8,8,100.0,72,74.2,19,19.6,5,5.2,4,4.1,4,4.1
Delon Wright,NYK,18,18,259,48,4,16,25.0,3,6,50.0,11,22.9,23,47.9,10,20.8,5,10.4,3,6.3
Jalen Brunson,NYK,25,25,910,510,124,228,54.4,62,72,86.1,320,62.7,209,41.0,46,9.0,23,4.5,36,7.1
Josh Hart,NYK,29,29,1108,116,25,50,50.0,11,14,78.6,64,55.2,47,40.5,9,7.8,8,6.9,7,6.0
Karl-Anthony Towns,NYK,26,26,921,215,63,138,45.7,50,62,80.6,185,86.0,23,10.7,8,3.7,16,7.4,31,14.4
Landry Shamet,NYK,20,20,292,20,3,9,33.3,0,0,0.0,7,35.0,8,40.0,1,5.0,2,10.0,0,0.0
MarJon Beauchamp,NYK,16,16,97,22,2,7,28.6,5,6,83.3,9,40.9,9,40.9,2,9.1,3,13.6,3,13.6
Mikal Bridges,NYK,31,31,1141,211,48,91,52.7,9,10,90.0,107,50.7,87,41.2,17,8.1,20,9.5,5,2.4
Miles McBride,NYK,25,25,646,90,14,39,35.9,2,2,100.0,30,33.3,42,46.7,10,11.1,6,6.7,1,1.1
Mitchell Robinson,NYK,7,7,123,1,0,0,0.0,0,0,0.0,0,0.0,1,100.0,0,0.0,0,0.0,0,0.0
OG Anunoby,NYK,29,29,1064,181,34,82,41.5,22,30,73.3,95,52.5,68,37.6,9,5.0,11,6.1,15,8.3
P.J. Tucker,NYK,2,2,29,0,0,0,0.0,0,0,0.0,0,0.0,0,0.0,0,0.0,0,0.0,0,0.0
Pacôme Dadiet,NYK,4,4,30,3,1,2,50.0,0,0,0.0,2,66.7,1,33.3,0,0.0,0,0.0,0,0.0
Precious Achiuwa,NYK,21,21,425,40,12,28,42.9,1,4,25.0,25,62.5,10,25.0,2,5.0,0,0.0,2,5.0
Tyler Kolek,NYK,14,14,81,25,0,6,0.0,1,4,25.0,1,4.0,14,56.0,4,16.0,3,12.0,2,8.0
Aaron Wiggins,OKC,14,14,305,55,9,26,34.6,3,4,75.0,22,40.0,22,40.0,4,7.3,4,7.3,2,3.6
Adam Flagler,OKC,3,3,15,1,0,0,0.0,0,0,0.0,0,0.0,1,100.0,0,0.0,0,0.0,0,0.0
Ajay Mitchell,OKC,5,5,69,17,5,11,45.5,0,0,0.0,10,58.8,6,35.3,1,5.9,0,0.0,0,0.0
Alex Caruso,OKC,10,10,192,28,3,8,37.5,0,0,0.0,7,25.0,17,60.7,3,10.7,1,3.6,0,0.0
Alex Ducas,OKC,1,1,4,0,0,0,0.0,0,0,0.0,0,0.0,0,0.0,0,0.0,0,0.0,0,0.0
Branden Carlson,OKC,3,3,13,0,0,0,0.0,0,0,0.0,0,0.0,0,0.0,0,0.0,0,0.0,0,0.0
Cason Wallace,OKC,13,13,384,68,14,32,43.8,1,2,50.0,29,42.6,31,45.6,10,14.7,3,4.4,1,1.5
Chet Holmgren,OKC,6,6,156,19,2,5,40.0,4,4,100.0,8,42.1,9,47.4,3,15.8,3,15.8,2,10.5
Dillon Jones,OKC,9,9,88,6,0,0,0.0,0,0,0.0,0,0.0,6,100.0,4,66.7,0,0.0,0,0.0
Isaiah Hartenstein,OKC,8,8,213,13,4,9,44.4,0,0,0.0,8,61.5,3,23.1,1,7.7,1,7.7,0,0.0
Isaiah Joe,OKC,11,11,239,24,3,7,42.9,1,2,50.0,7,29.2,15,62.5,6,25.0,0,0.0,1,4.2
Jalen Williams,OKC,14,14,473,208,56,111,50.5,24,32,75.0,139,66.8,59,28.4,16,7.7,10,4.8,17,8.2
Jaylin Williams,OKC,7,7,119,8,1,2,50.0,0,0,0.0,2,25.0,5,62.5,0,0.0,0,0.0,0,0.0
Kenrich Williams,OKC,11,11,169,16,4,8,50.0,0,0,0.0,8,50.0,6,37.5,1,6.3,1,6.3,0,0.0
Luguentz Dort,OKC,14,14,427,44,6,15,40.0,2,2,100.0,14,31.8,23,52.3,8,18.2,4,9.1,1,2.3
Ousmane Dieng,OKC,7,7,41,2,0,0,0.0,0,0,0.0,0,0.0,2,100.0,1,50.0,0,0.0,0,0.0
Shai Gilgeous-Alexander,OKC,13,13,479,311,78,151,51.7,55,62,88.7,219,70.4,99,31.8,24,7.7,19,6.1,31,10.0
Anthony Black,ORL,39,39,938,303,50,131,38.2,43,52,82.7,147,48.5,120,39.6,20,6.6,17,5.6,26,8.6
Caleb Houstan,ORL,29,29,394,22,3,5,60.0,5,6,83.3,11,50.0,11,50.0,0,0.0,2,9.1,3,13.6
Cory Joseph,ORL,24,24,273,30,6,9,66.7,4,6,66.7,16,53.3,15,50.0,1,3.3,2,6.7,3,10.0
Desmond Bane,ORL,31,31,1001,302,69,133,51.9,29,30,96.7,170,56.3,130,43.0,25,8.3,22,7.3,15,5.0
Franz Wagner,ORL,27,27,935,383,102,213,47.9,67,78,85.9,276,72.1,97,25.3,22,5.7,26,6.8,39,10.2
Gary Harris,ORL,20,20,279,18,3,8,37.5,0,0,0.0,6,33.3,8,44.4,1,5.6,2,11.1,0,0.0
Goga Bitadze,ORL,32,32,671,16,2,5,40.0,4,8,50.0,9,56.3,4,25.0,0,0.0,1,6.3,4,25.0
Jalen Suggs,ORL,15,15,479,152,33,66,50.0,15,16,93.8,83,54.6,62,40.8,12,7.9,8,5.3,8,5.3
Jett Howard,ORL,31,31,402,47,9,18,50.0,6,6,100.0,24,51.1,24,51.1,5,10.6,2,4.3,3,6.4
Jonathan Isaac,ORL,36,36,513,9,2,3,66.7,0,0,0.0,4,44.4,5,55.6,1,11.1,0,0.0,0,0.0
Mac McClung,ORL,1,1,5,5,0,0,0.0,0,0,0.0,0,0.0,4,80.0,1,20.0,0,0.0,0,0.0
Moritz Wagner,ORL,12,12,239,30,7,16,43.8,14,16,87.5,28,93.3,4,13.3,2,6.7,0,0.0,8,26.7
Paolo Banchero,ORL,25,25,863,293,70,139,50.4,73,92,79.3,223,76.1,76,25.9,12,4.1,20,6.8,46,15.7
Trevelin Queen,ORL,16,16,254,57,9,22,40.9,4,6,66.7,22,38.6,25,43.9,3,5.3,7,12.3,3,5.3
Tristan da Silva,ORL,39,39,903,129,20,56,35.7,16,16,100.0,58,45.0,50,38.8,14,10.9,9,7.0,8,6.2
Wendell Carter Jr.,ORL,37,37,963,44,8,20,40.0,6,8,75.0,25,56.8,12,27.3,2,4.5,7,15.9,4,9.1
Adem Bona,PHI,46,46,707,30,14,19,73.7,4,6,66.7,32,106.7,6,20.0,1,3.3,1,3.3,3,10.0
Alex Reese,PHI,11,11,171,6,2,3,66.7,2,2,100.0,6,100.0,2,33.3,0,0.0,0,0.0,1,16.7
Andre Drummond,PHI,28,28,551,31,9,22,40.9,1,2,50.0,19,61.3,3,9.7,1,3.2,2,6.5,2,6.5
Eric Gordon,PHI,27,27,491,79,14,35,40.0,9,14,64.3,38,48.1,25,31.6,9,11.4,7,8.9,8,10.1
Guerschon Yabusele,PHI,47,47,1294,90,33,45,73.3,11,16,68.8,79,87.8,29,32.2,10,11.1,7,7.8,8,8.9
Jalen Hood-Schifino,PHI,12,12,277,79,11,28,39.3,8,10,80.0,31,39.2,41,51.9,8,10.1,4,5.1,5,6.3
Jared Butler,PHI,54,54,928,445,89,192,46.4,26,34,76.5,215,48.3,192,43.1,54,12.1,27,6.1,17,3.8
Jared McCain,PHI,16,16,405,146,38,76,50.0,25,28,89.3,104,71.2,35,24.0,6,4.1,15,10.3,15,10.3
Jeff Dowtin Jr.,PHI,31,31,482,155,46,87,52.9,12,18,66.7,108,69.7,56,36.1,14,9.0,2,1.3,9,5.8
Joel Embiid,PHI,11,11,330,62,14,26,53.8,24,28,85.7,54,87.1,13,21.0,2,3.2,6,9.7,14,22.6
Justin Edwards,PHI,33,33,904,142,41,72,56.9,9,14,64.3,92,64.8,48,33.8,11,7.7,10,7.0,7,4.9
Kelly Oubre Jr.,PHI,39,39,1338,266,76,165,46.1,40,56,71.4,200,75.2,51,19.2,14,5.3,15,5.6,28,10.5
Kyle Lowry,PHI,21,21,402,45,6,11,54.5,5,6,83.3,17,37.8,28,62.2,5,11.1,1,2.2,3,6.7
Lonnie Walker IV,PHI,17,17,408,102,21,41,51.2,6,8,75.0,49,48.0,52,51.0,13,12.7,5,4.9,4,3.9
Marcus Bagley,PHI,9,9,226,10,1,5,20.0,0,0,0.0,2,20.0,4,40.0,1,10.0,1,10.0,0,0.0
Oshae Brissett,PHI,5,5,117,11,4,6,66.7,3,4,75.0,12,109.1,2,18.2,0,0.0,1,9.1,2,18.2
Paul George,PHI,26,26,845,221,39,73,53.4,16,20,80.0,96,43.4,111,50.2,15,6.8,16,7.2,10,4.5
Quentin Grimes,PHI,46,46,1324,326,72,136,52.9,39,42,92.9,189,58.0,128,39.3,33,10.1,28,8.6,21,6.4
Reggie Jackson,PHI,20,20,218,40,9,20,45.0,0,0,0.0,18,45.0,15,37.5,2,5.0,3,7.5,1,2.5
Ricky Council IV,PHI,57,57,976,233,40,112,35.7,34,40,85.0,115,49.4,80,34.3,15,6.4,11,4.7,20,8.6
Tyrese Maxey,PHI,32,32,1194,450,116,262,44.3,65,72,90.3,310,68.9,116,25.8,26,5.8,25,5.6,36,8.0
Bol Bol,PHX,26,26,339,23,9,11,81.8,5,6,83.3,23,100.0,6,26.1,2,8.7,3,13.0,3,13.0
Bradley Beal,PHX,31,31,1001,338,85,147,57.8,37,44,84.1,213,63.0,135,39.9,27,8.0,18,5.3,23,6.8
Cody Martin,PHX,37,37,804,115,19,41,46.3,11,14,78.6,50,43.5,55,47.8,14,12.2,10,8.7,7,6.1
Collin Gillespie,PHX,21,21,294,65,11,28,39.3,7,8,87.5,30,46.2,31,47.7,6,9.2,2,3.1,4,6.2
Damion Lee,PHX,19,19,103,41,10,22,45.5,5,6,83.3,26,63.4,13,31.7,3,7.3,1,2.4,3,7.3
Devin Booker,PHX,40,40,1483,595,125,242,51.7,83,92,90.2,345,58.0,259,43.5,55,9.2,33,5.5,46,7.7
Grayson Allen,PHX,35,35,865,183,25,52,48.1,32,36,88.9,83,45.4,88,48.1,22,12.0,19,10.4,19,10.4
Jalen Bridges,PHX,7,7,30,0,0,0,0.0,0,0,0.0,0,0.0,0,0.0,0,0.0,0,0.0,0,0.0
Kevin Durant,PHX,29,29,1082,322,117,199,58.8,41,48,85.4,284,88.2,76,23.6,23,7.1,17,5.3,25,7.8
Mason Plumlee,PHX,41,41,753,28,1,7,14.3,3,6,50.0,5,17.9,16,57.1,4,14.3,1,3.6,3,10.7
Monté Morris,PHX,24,24,340,88,26,43,60.5,16,16,100.0,68,77.3,31,35.2,4,4.5,4,4.5,8,9.1
Nick Richards,PHX,40,40,829,13,4,9,44.4,5,8,62.5,13,100.0,0,0.0,0,0.0,0,0.0,4,30.8
Oso Ighodaro,PHX,36,36,593,34,3,9,33.3,2,4,50.0,8,23.5,18,52.9,3,8.8,2,5.9,2,5.9
Royce O'Neale,PHX,42,42,1034,74,7,32,21.9,3,4,75.0,17,23.0,38,51.4,10,13.5,2,2.7,2,2.7
Ryan Dunn,PHX,42,42,780,86,13,31,41.9,1,4,25.0,27,31.4,42,48.8,3,3.5,7,8.1,2,2.3
TyTy Washington Jr.,PHX,12,12,108,22,6,13,46.2,1,2,50.0,13,59.1,8,36.4,1,4.5,0,0.0,1,4.5
Tyus Jones,PHX,45,45,1160,218,50,121,41.3,12,14,85.7,112,51.4,75,34.4,14,6.4,11,5.0,7,3.2
Vasilije Micic,PHX,33,33,651,236,26,81,32.1,17,18,94.4,71,30.1,113,47.9,26,11.0,25,10.6,9,3.8
Anfernee Simons,POR,42,42,1375,382,96,215,44.7,39,44,88.6,239,62.6,120,31.4,34,8.9,19,5.0,22,5.8
Bryce McGowens,POR,5,5,12,4,2,2,100.0,0,0,0.0,4,100.0,2,50.0,0,0.0,0,0.0,0,0.0
Dalano Banton,POR,39,39,640,242,42,113,37.2,25,38,65.8,113,46.7,90,37.2,25,10.3,12,5.0,19,7.9
Deandre Ayton,POR,23,23,635,29,7,17,41.2,2,2,100.0,16,55.2,6,20.7,2,6.9,2,6.9,1,3.4
Deni Avdija,POR,39,39,1180,415,83,156,53.2,55,67,82.1,231,55.7,178,42.9,41,9.9,34,8.2,34,8.2
Donovan Clingan,POR,38,38,747,3,0,0,0.0,0,0,0.0,0,0.0,3,100.0,0,0.0,0,0.0,0,0.0
Duop Reath,POR,27,27,287,9,3,5,60.0,4,4,100.0,10,111.1,1,11.1,0,0.0,1,11.1,2,22.2
Jabari Walker,POR,37,37,473,51,10,28,35.7,5,6,83.3,26,51.0,11,21.6,2,3.9,7,13.7,3,5.9
Jerami Grant,POR,25,25,787,178,32,84,38.1,21,24,87.5,87,48.9,60,33.7,17,9.6,14,7.9,12,6.7
Justin Minaya,POR,11,11,52,6,1,2,50.0,0,0,0.0,2,33.3,4,66.7,0,0.0,0,0.0,0,0.0
Kris Murray,POR,38,38,553,87,15,36,41.7,4,10,40.0,37,42.5,41,47.1,11,12.6,5,5.7,5,5.7
Matisse Thybulle,POR,7,7,152,26,5,9,55.6,0,0,0.0,10,38.5,10,38.5,3,11.5,5,19.2,0,0.0
Rayan Rupert,POR,29,29,297,60,12,28,42.9,5,6,83.3,30,50.0,26,43.3,8,13.3,2,3.3,3,5.0
Robert Williams III,POR,13,13,213,2,0,2,0.0,0,0,0.0,0,0.0,0,0.0,0,0.0,0,0.0,0,0.0
Scoot Henderson,POR,36,36,976,438,64,147,43.5,62,81,76.5,193,44.1,192,43.8,37,8.4,36,8.2,41,9.4
Shaedon Sharpe,POR,40,40,1255,366,94,184,51.1,40,50,80.0,240,65.6,120,32.8,24,6.6,24,6.6,25,6.8
Sidy Cissoko,POR,11,11,60,16,2,5,40.0,0,2,0.0,4,25.0,8,50.0,1,6.3,1,6.3,1,6.3
Toumani Camara,POR,45,45,1434,189,38,87,43.7,14,22,63.6,93,49.2,62,32.8,14,7.4,19,10.1,11,5.8
DeMar DeRozan,SAC,39,39,1440,374,88,168,52.4,53,62,85.5,237,63.4,149,39.8,21,5.6,12,3.2,31,8.3
Devin Carter,SAC,18,18,165,34,6,11,54.5,4,8,50.0,16,47.1,19,55.9,8,23.5,0,0.0,4,11.8
Domantas Sabonis,SAC,34,34,1229,130,24,49,49.0,13,20,65.0,61,46.9,60,46.2,13,10.0,6,4.6,10,7.7
Doug McDermott,SAC,21,21,204,2,0,1,0.0,0,0,0.0,0,0.0,0,0.0,0,0.0,0,0.0,0,0.0
Isaac Jones,SAC,21,21,176,7,3,4,75.0,0,0,0.0,6,85.7,3,42.9,0,0.0,0,0.0,0,0.0
Isaiah Crawford,SAC,8,8,26,4,0,1,0.0,0,0,0.0,0,0.0,3,75.0,1,25.0,0,0.0,0,0.0
Jae Crowder,SAC,6,6,59,2,1,2,50.0,0,0,0.0,2,100.0,0,0.0,0,0.0,0,0.0,0,0.0
Jake LaRavia,SAC,26,26,545,126,20,37,54.1,12,18,66.7,52,41.3,68,54.0,13,10.3,9,7.1,9,7.1
Jalen McDaniels,SAC,2,2,6,0,0,0,0.0,0,0,0.0,0,0.0,0,0.0,0,0.0,0,0.0,0,0.0
Jonas Valančiūnas,SAC,58,58,1061,55,24,43,55.8,6,6,100.0,54,98.2,6,10.9,0,0.0,2,3.6,3,5.5
Keegan Murray,SAC,40,40,1396,149,39,90,43.3,10,12,83.3,89,59.7,44,29.5,10,6.7,8,5.4,6,4.0
Keon Ellis,SAC,41,41,950,73,6,21,28.6,9,12,75.0,21,28.8,38,52.1,7,9.6,4,5.5,6,8.2
Malik Monk,SAC,29,29,951,396,73,150,48.7,23,28,82.1,175,44.2,197,49.7,46,11.6,23,5.8,14,3.5
Markelle Fultz,SAC,12,12,91,31,6,16,37.5,0,0,0.0,12,38.7,13,41.9,3,9.7,2,6.5,0,0.0
Mason Jones,SAC,6,6,29,10,4,4,100.0,0,0,0.0,8,80.0,6,60.0,3,30.0,0,0.0,0,0.0
Skal Labissiere,SAC,2,2,6,0,0,0,0.0,0,0,0.0,0,0.0,0,0.0,0,0.0,0,0.0,0,0.0
Terry Taylor,SAC,2,2,4,1,0,1,0.0,0,0,0.0,0,0.0,0,0.0,0,0.0,0,0.0,0,0.0
Trey Lyles,SAC,35,35,647,48,4,17,23.5,9,12,75.0,17,35.4,16,33.3,4,8.3,4,8.3,6,12.5
Zach LaVine,SAC,42,42,1490,418,83,171,48.5,40,50,80.0,214,51.2,173,41.4,29,6.9,31,7.4,25,6.0
Bismack Biyombo,SAS,18,18,348,2,0,0,0.0,0,0,0.0,0,0.0,1,50.0,0,0.0,1,50.0,0,0.0
Blake Wesley,SAS,35,35,406,145,16,39,41.0,15,26,57.7,47,32.4,75,51.7,20,13.8,16,11.0,13,9.0
Charles Bassey,SAS,22,22,238,0,0,0,0.0,0,0,0.0,0,0.0,0,0.0,0,0.0,0,0.0,0,0.0
Chris Paul,SAS,48,48,1335,214,33,66,50.0,8,8,100.0,75,35.0,123,57.5,40,18.7,14,6.5,4,1.9
De'Aaron Fox,SAS,35,35,1275,543,137,255,53.7,74,92,80.4,355,65.4,186,34.3,41,7.6,44,8.1,45,8.3
Devin Vassell,SAS,40,40,1242,298,70,145,48.3,24,27,88.9,171,57.4,114,38.3,23,7.7,19,6.4,14,4.7
Harrison Barnes,SAS,48,48,1286,189,43,86,50.0,41,51,80.4,130,68.8,62,32.8,12,6.3,11,5.8,26,13.8
Jeremy Sochan,SAS,33,33,778,123,16,47,34.0,8,12,66.7,43,35.0,55,44.7,13,10.6,11,8.9,6,4.9
Jordan McLaughlin,SAS,29,29,192,42,5,9,55.6,3,4,75.0,15,35.7,26,61.9,3,7.1,3,7.1,2,4.8
Julian Champagnie,SAS,48,48,1075,87,20,45,44.4,9,10,90.0,50,57.5,28,32.2,8,9.2,7,8.0,5,5.7
Keldon Johnson,SAS,46,46,1081,315,92,167,55.1,32,38,84.2,223,70.8,106,33.7,23,7.3,17,5.4,20,6.3
Malachi Flynn,SAS,2,2,10,4,0,0,0.0,0,0,0.0,0,0.0,3,75.0,1,25.0,1,25.0,0,0.0
Malaki Branham,SAS,29,29,227,61,18,40,45.0,7,8,87.5,43,70.5,12,19.7,3,4.9,2,3.3,4,6.6
Sandro Mamukelashvili,SAS,38,38,432,54,16,25,64.0,8,12,66.7,41,75.9,19,35.2,6,11.1,4,7.4,6,11.1
Stephon Castle,SAS,48,48,1245,454,90,200,45.0,58,80,72.5,250,55.1,169,37.2,48,10.6,35,7.7,40,8.8
Victor Wembanyama,SAS,25,25,839,115,25,48,52.1,13,16,81.3,65,56.5,38,33.0,9,7.8,15,13.0,8,7.0
A.J. Lawson,TOR,12,12,221,39,5,15,33.3,6,8,75.0,16,41.0,16,41.0,2,5.1,1,2.6,4,10.3
Brandon Ingram,TOR,13,13,420,156,33,60,55.0,20,24,83.3,87,55.8,66,42.3,17,10.9,13,8.3,12,7.7
Bruno Fernando,TOR,15,15,133,4,1,3,33.3,0,0,0.0,2,50.0,0,0.0,0,0.0,1,25.0,0,0.0
Chris Boucher,TOR,32,32,553,34,9,19,47.4,2,4,50.0,21,61.8,8,23.5,4,11.8,4,11.8,2,5.9
Colin Castleton,TOR,11,11,237,9,2,5,40.0,0,0,0.0,4,44.4,4,44.4,1,11.1,0,0.0,0,0.0
D.J. Carton,TOR,3,3,18,3,0,2,0.0,0,0,0.0,0,0.0,1,33.3,0,0.0,0,0.0,0,0.0
Garrett Temple,TOR,17,17,132,16,2,6,33.3,0,0,0.0,4,25.0,8,50.0,0,0.0,2,12.5,0,0.0
Gradey Dick,TOR,39,39,1172,199,41,99,41.4,27,32,84.4,110,55.3,66,33.2,17,8.5,10,5.0,16,8.0
Immanuel Quickley,TOR,21,21,596,226,40,88,45.5,31,36,86.1,112,49.6,105,46.5,21,9.3,8,3.5,18,8.0
Ja'Kobe Walter,TOR,33,33,702,134,28,65,43.1,19,22,86.4,76,56.7,50,37.3,11,8.2,6,4.5,11,8.2
Jakob Poeltl,TOR,36,36,1073,50,15,28,53.6,4,4,100.0,35,70.0,11,22.0,3,6.0,2,4.0,2,4.0
Jamal Shead,TOR,47,47,930,328,51,115,44.3,12,14,85.7,122,37.2,174,53.0,54,16.5,19,5.8,7,2.1
Jamison Battle,TOR,38,38,663,34,7,14,50.0,0,0,0.0,14,41.2,17,50.0,4,11.8,1,2.9,0,0.0
Jared Rhoden,TOR,6,6,60,15,2,5,40.0,4,4,100.0,9,60.0,4,26.7,0,0.0,2,13.3,2,13.3
Jonathan Mogbo,TOR,45,45,937,102,10,44,22.7,1,2,50.0,23,22.5,48,47.1,6,5.9,4,3.9,1,1.0
Ochai Agbaji,TOR,45,45,1232,109,27,52,51.9,4,6,66.7,59,54.1,42,38.5,11,10.1,6,5.5,3,2.8
Orlando Robinson,TOR,21,21,334,12,3,8,37.5,2,2,100.0,8,66.7,3,25.0,0,0.0,0,0.0,1,8.3
RJ Barrett,TOR,35,35,1151,463,105,227,46.3,47,70,67.1,264,57.0,158,34.1,47,10.2,33,7.1,35,7.6
Scottie Barnes,TOR,39,39,1305,395,83,183,45.4,49,66,74.2,220,55.7,147,37.2,41,10.4,18,4.6,33,8.4
Ulrich Chomche,TOR,4,4,18,0,0,0,0.0,0,0,0.0,0,0.0,0,0.0,0,0.0,0,0.0,0,0.0
Brice Sensabaugh,UTA,57,57,1149,194,38,91,41.8,23,26,88.5,103,53.1,65,33.5,12,6.2,21,10.8,13,6.7
Cody Williams,UTA,41,41,864,102,20,53,37.7,8,10,80.0,50,49.0,30,29.4,4,3.9,11,10.8,5,4.9
Collin Sexton,UTA,49,49,1352,625,154,298,51.7,100,118,84.7,424,67.8,196,31.4,51,8.2,49,7.8,60,9.6
Elijah Harkless,UTA,9,9,119,11,1,5,20.0,1,2,50.0,3,27.3,4,36.4,1,9.1,1,9.1,1,9.1
Isaiah Collier,UTA,57,57,1473,540,66,172,38.4,49,72,68.1,188,34.8,258,47.8,80,14.8,58,10.7,36,6.7
Jaden Springer,UTA,21,21,207,43,6,12,50.0,2,4,50.0,15,34.9,23,53.5,7,16.3,6,14.0,2,4.7
John Collins,UTA,28,28,847,156,44,84,52.4,28,37,75.7,120,76.9,37,23.7,10,6.4,12,7.7,19,12.2
Johnny Juzang,UTA,49,49,992,91,23,53,43.4,0,0,0.0,47,51.6,29,31.9,6,6.6,9,9.9,0,0.0
Jordan Clarkson,UTA,27,27,733,339,67,141,47.5,43,52,82.7,180,53.1,131,38.6,30,8.8,33,9.7,26,7.7
KJ Martin,UTA,32,32,652,49,8,17,47.1,5,6,83.3,22,44.9,26,53.1,7,14.3,3,6.1,3,6.1
Keyonte George,UTA,54,54,1724,482,96,227,42.3,89,110,80.9,296,61.4,154,32.0,46,9.5,37,7.7,56,11.6
Kyle Filipowski,UTA,59,59,1245,146,33,59,55.9,18,26,69.2,88,60.3,53,36.3,8,5.5,14,9.6,13,8.9
Lauri Markkanen,UTA,38,38,1187,162,39,76,51.3,31,34,91.2,111,68.5,42,25.9,5,3.1,16,9.9,17,10.5
Micah Potter,UTA,28,28,541,19,1,4,25.0,2,2,100.0,4,21.1,12,63.2,2,10.5,2,10.5,1,5.3
Oscar Tshiebwe,UTA,11,11,199,3,1,3,33.3,0,0,0.0,2,66.7,0,0.0,0,0.0,0,0.0,0,0.0
Svi Mykhailiuk,UTA,32,32,636,150,20,58,34.5,10,12,83.3,52,34.7,73,48.7,15,10.0,10,6.7,6,4.0
Walker Kessler,UTA,44,44,1338,13,3,6,50.0,0,4,0.0,6,46.2,4,30.8,1,7.7,1,7.7,2,15.4
AJ Johnson,WAS,21,21,493,111,23,60,38.3,15,16,93.8,61,55.0,34,30.6,5,4.5,6,5.4,8,7.2
Alex Sarr,WAS,54,54,1465,181,45,111,40.5,24,38,63.2,116,64.1,36,19.9,7,3.9,11,6.1,19,10.5
Anthony Gill,WAS,44,44,352,33,11,19,57.9,15,16,93.8,37,112.1,4,12.1,0,0.0,2,6.1,8,24.2
Bilal Coulibaly,WAS,46,46,1522,378,68,160,42.5,45,68,66.2,192,50.8,139,36.8,27,7.1,35,9.3,34,9.0
Bub Carrington,WAS,64,64,1936,289,51,119,42.9,14,16,87.5,121,41.9,128,44.3,26,9.0,26,9.0,8,2.8
Colby Jones,WAS,27,27,402,85,17,33,51.5,5,6,83.3,40,47.1,43,50.6,8,9.4,3,3.5,3,3.5
Corey Kispert,WAS,47,47,1224,220,55,111,49.5,20,22,90.9,131,59.5,75,34.1,17,7.7,18,8.2,11,5.0
JT Thor,WAS,10,10,162,16,2,10,20.0,2,2,100.0,6,37.5,4,25.0,1,6.3,1,6.3,1,6.3
Jaylen Martin,WAS,13,13,204,47,8,22,36.4,4,4,100.0,20,42.6,20,42.6,8,17.0,3,6.4,2,4.3
Jaylen Nowell,WAS,7,7,144,46,10,26,38.5,2,2,100.0,23,50.0,12,26.1,3,6.5,5,10.9,1,2.2
Johnny Davis,WAS,30,30,219,31,9,21,42.9,3,6,50.0,21,67.7,5,16.1,2,6.5,2,6.5,3,9.7
Jordan Poole,WAS,53,53,1541,452,96,205,46.8,55,66,83.3,252,55.8,156,34.5,36,8.0,39,8.6,35,7.7
Justin Champagnie,WAS,46,46,989,88,17,40,42.5,12,20,60.0,48,54.5,28,31.8,7,8.0,8,9.1,10,11.4
Khris Middleton,WAS,19,19,417,71,9,28,32.1,6,6,100.0,25,35.2,31,43.7,11,15.5,6,8.5,3,4.2
Kyshawn George,WAS,53,53,1399,236,33,83,39.8,32,40,80.0,100,42.4,112,47.5,23,9.7,18,7.6,20,8.5
Malcolm Brogdon,WAS,18,18,420,216,46,92,50.0,32,36,88.9,127,58.8,86,39.8,16,7.4,14,6.5,19,8.8
Marcus Smart,WAS,17,17,327,94,15,38,39.5,8,12,66.7,39,41.5,39,41.5,9,9.6,8,8.5,6,6.4
Richaun Holmes,WAS,22,22,362,11,4,7,57.1,1,2,50.0,9,81.8,3,27.3,1,9.1,0,0.0,1,9.1
Tristan Vukcevic,WAS,28,28,380,41,9,24,37.5,11,12,91.7,30,73.2,6,14.6,1,2.4,4,9.8,6,14.6
