PLAYER,TEAM,GP,W,MIN,DRIVES,FGM,FGA,FG%,FTM,FTA,FT%,PTS,PTS%,PASS,PASS%,AST,AST%,TO,TOV%,PF,PF%
Caris LeVert,ATL,46,46,1145,347,58,125,46.4,27,45,60,143,41.2,171,49.3,50,14.4,21,6.1,23,6.6
Clint Capela,ATL,27,27,591,6,1,3,33.3,0,0,0,2,33.3,2,33.3,0,0,1,16.7,0,0
Daeqwon Plowden,ATL,3,3,58,8,3,3,100,0,0,0,6,75,5,62.5,2,25,0,0,0,0
Dominick Barlow,ATL,13,13,178,18,3,5,60,2,4,50,8,44.4,8,44.4,2,11.1,2,11.1,2,11.1
Dyson Daniels,ATL,37,37,1263,391,79,161,49.1,21,34,61.8,182,46.5,175,44.8,44,11.3,25,6.4,17,4.3
Garrison Mathews,ATL,21,21,391,27,3,8,37.5,7,8,87.5,13,48.1,10,37,4,14.8,2,7.4,4,14.8
Georges Niang,ATL,55,55,1140,154,40,74,54.1,3,4,75,85,55.2,63,40.9,18,11.7,12,7.8,2,1.3
Jacob Toppin,ATL,13,13,63,13,2,5,40,0,0,0,4,30.8,6,46.2,2,15.4,2,15.4,0,0
Jalen Johnson,ATL,18,18,665,140,32,63,50.8,15,20,75,80,57.1,54,38.6,18,12.9,11,7.9,10,7.1
Keaton Wallace,ATL,15,15,259,79,15,40,37.5,4,4,100,34,43,36,45.6,3,3.8,1,1.3,2,2.5
Kobe Bufkin,ATL,6,6,79,26,6,14,42.9,4,4,100,16,61.5,8,30.8,3,11.5,1,3.8,2,7.7
Larry Nance Jr.,ATL,10,10,217,10,3,4,75,0,0,0,6,60,5,50,4,40,1,10,0,0
Mouhamed Gueye,ATL,15,15,278,11,3,6,50,2,2,100,9,81.8,4,36.4,1,9.1,0,0,1,9.1
Onyeka Okongwu,ATL,35,35,973,30,8,23,34.8,0,0,0,17,56.7,3,10,1,3.3,3,10,0,0
Terance Mann,ATL,37,37,761,111,27,47,57.4,1,4,25,56,50.5,56,50.5,19,17.1,3,2.7,2,1.8
Trae Young,ATL,36,36,1278,578,115,237,48.5,56,71,78.9,297,51.4,244,42.2,73,12.6,41,7.1,34,5.9
Vít Krejčí,ATL,28,28,550,102,20,24,83.3,3,6,50,43,42.2,72,70.6,22,21.6,2,2,3,2.9
Zaccharie Risacher,ATL,38,38,918,138,39,77,50.6,10,12,83.3,90,65.2,43,31.2,7,5.1,11,8,6,4.3
Cam Thomas,BKN,8,8,248,106,26,48,54.2,24,25,96,80,75.5,39,36.8,12,11.3,5,4.7,13,12.3
Cameron Johnson,BKN,21,21,664,157,31,56,55.4,31,32,96.9,95,60.5,68,43.3,18,11.5,9,5.7,16,10.2
Cui Cui,BKN,2,2,3,0,0,0,0,0,0,0,0,0,0,0,0,0,0,0,0,0
D'Angelo Russell,BKN,26,26,693,173,42,87,48.3,23,28,82.1,111,64.2,58,33.5,19,11,7,4,14,8.1
Dariq Whitehead,BKN,6,6,61,6,1,2,50,0,0,0,2,33.3,2,33.3,1,16.7,1,16.7,0,0
Day'Ron Sharpe,BKN,14,14,222,8,2,3,66.7,1,2,50,6,75,3,37.5,2,25,1,12.5,1,12.5
De'Anthony Melton,BKN,4,4,86,23,2,6,33.3,0,0,0,4,17.4,14,60.9,5,21.7,1,4.3,0,0
Drew Timme,BKN,3,3,79,10,5,8,62.5,0,0,0,11,110,2,20,1,10,0,0,0,0
Jalen Wilson,BKN,25,25,673,144,21,44,47.7,14,16,87.5,58,40.3,82,56.9,18,12.5,8,5.6,8,5.6
Keon Johnson,BKN,25,25,579,126,21,64,32.8,17,20,85,60,47.6,46,36.5,17,13.5,4,3.2,10,7.9
Killian Hayes,BKN,1,1,27,5,1,2,50,1,2,50,3,60,2,40,0,0,0,0,1,20
Maxwell Lewis,BKN,9,9,94,19,4,6,66.7,0,0,0,8,42.1,8,42.1,1,5.3,4,21.1,0,0
Nic Claxton,BKN,20,20,541,51,14,28,50,6,8,75,34,66.7,15,29.4,4,7.8,2,3.9,4,7.8
Noah Clowney,BKN,11,11,244,17,3,7,42.9,5,6,83.3,12,70.6,5,29.4,0,0,1,5.9,3,17.6
Reece Beekman,BKN,13,13,111,35,4,10,40,0,0,0,8,22.9,21,60,4,11.4,2,5.7,0,0
Tosan Evbuomwan,BKN,8,8,190,47,6,19,31.6,10,12,83.3,22,46.8,21,44.7,7,14.9,0,0,6,12.8
Trendon Watford,BKN,16,16,335,127,31,60,51.7,17,20,85,81,63.8,41,32.3,5,3.9,13,10.2,10,7.9
Tyrese Martin,BKN,16,16,315,56,8,19,42.1,4,6,66.7,20,35.7,28,50,9,16.1,4,7.1,3,5.4
Tyson Etienne,BKN,1,1,26,2,0,0,0,2,2,100,2,100,1,50,0,0,0,0,1,50
Ziaire Williams,BKN,22,22,564,45,8,20,40,5,8,62.5,21,46.7,17,37.8,5,11.1,2,4.4,4,8.9
Al Horford,BOS,44,44,1218,50,8,20,40,2,2,100,19,38,25,50,5,10,3,6,1,2
Baylor Scheierman,BOS,27,27,320,32,5,10,50,4,6,66.7,15,46.9,15,46.9,7,21.9,4,12.5,3,9.4
Derrick White,BOS,58,58,1962,285,71,128,55.5,45,50,90,193,67.7,105,36.8,30,10.5,19,6.7,25,8.8
Drew Peterson,BOS,17,17,122,11,2,3,66.7,0,0,0,4,36.4,7,63.6,1,9.1,1,9.1,0,0
JD Davison,BOS,13,13,66,24,5,11,45.5,1,2,50,11,45.8,7,29.2,2,8.3,4,16.7,1,4.2
Jaylen Brown,BOS,46,46,1537,559,138,266,51.9,59,74,79.7,346,61.9,200,35.8,61,10.9,36,6.4,37,6.6
Jayson Tatum,BOS,53,53,1911,514,146,256,57,79,92,85.9,381,74.1,161,31.3,48,9.3,30,5.8,46,8.9
Jordan Walsh,BOS,39,39,310,20,7,9,77.8,3,4,75,18,90,6,30,1,5,3,15,2,10
Jrue Holiday,BOS,47,47,1438,217,48,92,52.2,23,24,95.8,121,55.8,98,45.2,29,13.4,12,5.5,12,5.5
Kristaps Porziņģis,BOS,30,30,860,49,18,29,62.1,12,12,100,49,100,10,20.4,1,2,2,4.1,6,12.2
Luke Kornet,BOS,53,53,1034,9,4,4,100,0,0,0,8,88.9,4,44.4,0,0,0,0,0,0
Miles Norris,BOS,2,2,16,0,0,0,0,0,0,0,0,0,0,0,0,0,0,0,0,0
Neemias Queta,BOS,46,46,652,17,5,9,55.6,2,2,100,12,70.6,6,35.3,1,5.9,0,0,1,5.9
Payton Pritchard,BOS,59,59,1659,327,65,100,65,12,14,85.7,143,43.7,200,61.2,61,18.7,15,4.6,7,2.1
Sam Hauser,BOS,52,52,1185,51,19,27,70.4,4,4,100,43,84.3,20,39.2,3,5.9,0,0,2,3.9
Torrey Craig,BOS,16,16,183,10,2,3,66.7,0,0,0,4,40,6,60,0,0,0,0,0,0
Xavier Tillman,BOS,26,26,200,13,2,5,40,0,0,0,4,30.8,4,30.8,0,0,3,23.1,0,0
Brandon Miller,CHA,8,8,254,59,14,35,40,3,6,50,32,54.2,14,23.7,4,6.8,5,8.5,3,5.1
DaQuan Jeffries,CHA,9,9,232,15,3,5,60,1,2,50,7,46.7,7,46.7,2,13.3,1,6.7,1,6.7
Damion Baugh,CHA,1,1,29,11,2,5,40,0,0,0,4,36.4,6,54.5,2,18.2,0,0,0,0
Grant Williams,CHA,6,6,175,19,2,3,66.7,6,6,100,10,52.6,8,42.1,2,10.5,3,15.8,3,15.8
Isaiah Wong,CHA,2,2,21,7,1,4,25,2,2,100,4,57.1,2,28.6,2,28.6,0,0,1,14.3
Josh Green,CHA,17,17,436,49,7,15,46.7,3,4,75,17,34.7,25,51,4,8.2,5,10.2,2,4.1
Josh Okogie,CHA,11,11,103,19,5,8,62.5,0,0,0,10,52.6,8,42.1,1,5.3,3,15.8,0,0
Jusuf Nurkić,CHA,18,18,407,10,2,4,50,2,2,100,6,60,0,0,0,0,2,20,1,10
KJ Simpson,CHA,3,3,64,10,2,7,28.6,0,0,0,4,40,3,30,1,10,0,0,0,0
LaMelo Ball,CHA,16,16,541,243,62,121,51.2,31,34,91.2,161,66.3,88,36.2,27,11.1,8,3.3,17,7
Marcus Garrett,CHA,1,1,19,4,0,3,0,0,0,0,0,0,0,0,0,0,1,25,0,0
Mark Williams,CHA,9,9,272,6,2,5,40,0,0,0,4,66.7,1,16.7,0,0,0,0,0,0
Miles Bridges,CHA,16,16,524,174,44,97,45.4,22,24,91.7,111,63.8,45,25.9,10,5.7,16,9.2,12,6.9
Moussa Diabaté,CHA,15,15,285,6,1,4,25,0,0,0,2,33.3,1,16.7,0,0,1,16.7,0,0
Nick Smith Jr.,CHA,14,14,310,69,17,34,50,2,2,100,37,53.6,28,40.6,9,13,5,7.2,1,1.4
Seth Curry,CHA,17,17,262,31,7,12,58.3,3,4,75,17,54.8,9,29,2,6.5,7,22.6,2,6.5
Taj Gibson,CHA,10,10,95,0,0,0,0,0,0,0,0,0,0,0,0,0,0,0,0,0
Tidjane Salaün,CHA,12,12,190,16,4,8,50,0,0,0,8,50,7,43.8,2,12.5,1,6.3,0,0
Tre Mann,CHA,6,6,148,71,21,39,53.8,1,2,50,43,60.6,27,38,4,5.6,3,4.2,1,1.4
Wendell Moore Jr.,CHA,11,11,128,13,3,8,37.5,2,2,100,8,61.5,3,23.1,0,0,1,7.7,1,7.7
Adama Sanogo,CHI,2,2,17,0,0,0,0,0,0,0,0,0,0,0,0,0,0,0,0,0
Ayo Dosunmu,CHI,17,17,538,160,34,62,54.8,4,4,100,74,46.3,83,51.9,24,15,9,5.6,2,1.3
Chris Duarte,CHI,4,4,14,2,0,0,0,0,0,0,0,0,1,50,0,0,1,50,0,0
Coby White,CHI,35,35,1189,475,105,184,57.1,62,67,92.5,283,59.6,220,46.3,55,11.6,26,5.5,35,7.4
Dalen Terry,CHI,33,33,486,101,17,36,47.2,14,18,77.8,50,49.5,46,45.5,7,6.9,4,4,9,8.9
E.J. Liddell,CHI,6,6,17,2,0,0,0,0,0,0,0,0,2,100,0,0,0,0,0,0
Emanuel Miller,CHI,4,4,18,0,0,0,0,0,0,0,0,0,0,0,0,0,0,0,0,0
Jahmir Young,CHI,4,4,18,4,1,1,100,2,2,100,4,100,2,50,1,25,0,0,1,25
Jalen Smith,CHI,28,28,411,21,6,13,46.2,4,4,100,17,81,5,23.8,1,4.8,0,0,2,9.5
Jevon Carter,CHI,13,13,82,14,6,6,100,2,2,100,14,100,6,42.9,0,0,1,7.1,1,7.1
Josh Giddey,CHI,33,33,1041,373,71,130,54.6,44,58,75.9,190,50.9,179,48,52,13.9,24,6.4,29,7.8
Julian Phillips,CHI,37,37,540,30,2,11,18.2,3,4,75,7,23.3,15,50,5,16.7,2,6.7,2,6.7
Kevin Huerter,CHI,39,39,1014,118,34,56,60.7,10,14,71.4,80,67.8,48,40.7,14,11.9,6,5.1,7,5.9
Lonzo Ball,CHI,16,16,356,41,7,12,58.3,0,0,0,14,34.1,22,53.7,7,17.1,5,12.2,0,0
Matas Buzelis,CHI,39,39,749,104,26,51,51,24,30,80,76,73.1,25,24,6,5.8,10,9.6,15,14.4
Nikola Vučević,CHI,34,34,1063,127,32,57,56.1,10,14,71.4,76,59.8,51,40.2,7,5.5,6,4.7,7,5.5
Patrick Williams,CHI,31,31,792,139,25,60,41.7,15,21,71.4,65,46.8,59,42.4,12,8.6,5,3.6,11,7.9
Talen Horton-Tucker,CHI,26,26,341,129,26,46,56.5,21,29,72.4,74,57.4,56,43.4,16,12.4,10,7.8,15,11.6
Tre Jones,CHI,21,21,457,161,27,58,46.6,17,18,94.4,73,45.3,88,54.7,21,13,2,1.2,9,5.6
Zach Collins,CHI,34,34,519,14,4,8,50,0,0,0,8,57.1,4,28.6,0,0,2,14.3,0,0
Chuma Okeke,CLE,2,2,19,0,0,0,0,0,0,0,0,0,0,0,0,0,0,0,0,0
Craig Porter Jr.,CLE,40,40,363,82,13,29,44.8,6,8,75,32,39,40,48.8,13,15.9,9,11,4,4.9
Darius Garland,CLE,60,60,1815,845,179,335,53.4,78,82,95.1,448,53,383,45.3,126,14.9,59,7,41,4.9
De'Andre Hunter,CLE,38,38,1006,161,45,91,49.5,38,42,90.5,132,82,36,22.4,9,5.6,10,6.2,21,13
Dean Wade,CLE,47,47,1000,55,9,14,64.3,1,4,25,20,36.4,34,61.8,12,21.8,3,5.5,2,3.6
Donovan Mitchell,CLE,55,55,1696,615,163,292,55.8,80,96,83.3,416,67.6,235,38.2,62,10.1,19,3.1,49,8
Emoni Bates,CLE,9,9,33,4,0,0,0,0,0,0,0,0,4,100,2,50,0,0,0,0
Evan Mobley,CLE,58,58,1778,388,93,174,53.4,50,70,71.4,243,62.6,118,30.4,27,7,43,11.1,36,9.3
Isaac Okoro,CLE,44,44,848,74,11,22,50,4,6,66.7,26,35.1,42,56.8,10,13.5,4,5.4,3,4.1
Jarrett Allen,CLE,64,64,1829,53,22,30,73.3,4,8,50,49,92.5,13,24.5,2,3.8,5,9.4,4,7.5
Javonte Green,CLE,24,24,375,8,1,4,25,2,2,100,4,50,3,37.5,0,0,0,0,1,12.5
Jaylon Tyson,CLE,37,37,341,69,12,24,50,3,4,75,27,39.1,34,49.3,7,10.1,8,11.6,2,2.9
Luke Travers,CLE,10,10,59,6,0,2,0,2,2,100,2,33.3,2,33.3,2,33.3,0,0,1,16.7
Max Strus,CLE,39,39,981,93,9,15,60,3,4,75,22,23.7,68,73.1,25,26.9,7,7.5,2,2.2
Nae'Qwan Tomlin,CLE,4,4,17,3,2,3,66.7,0,0,0,4,133.3,0,0,0,0,0,0,0,0
Sam Merrill,CLE,54,54,1090,54,1,6,16.7,2,2,100,4,7.4,43,79.6,12,22.2,2,3.7,1,1.9
Tristan Thompson,CLE,31,31,211,15,3,13,23.1,0,0,0,6,40,0,0,0,0,2,13.3,0,0
Ty Jerome,CLE,55,55,1055,462,115,209,55,45,50,90,289,62.6,197,42.6,54,11.7,25,5.4,25,5.4
Anthony Davis,DAL,30,30,994,162,46,97,47.4,54,62,87.1,152,93.8,19,11.7,5,3.1,12,7.4,31,19.1
Brandon Williams,DAL,15,15,181,77,15,32,46.9,12,14,85.7,43,55.8,31,40.3,11,14.3,5,6.5,7,9.1
Caleb Martin,DAL,17,17,444,75,11,27,40.7,10,18,55.6,32,42.7,33,44,6,8,5,6.7,9,12
Daniel Gafford,DAL,28,28,612,27,11,16,68.8,4,6,66.7,27,100,3,11.1,1,3.7,2,7.4,3,11.1
Danté Exum,DAL,7,7,149,40,7,16,43.8,3,4,75,18,45,20,50,3,7.5,0,0,2,5
Dereck Lively II,DAL,21,21,493,4,2,3,66.7,0,0,0,5,125,1,25,0,0,0,0,0,0
Dwight Powell,DAL,25,25,222,6,1,1,100,1,4,25,3,50,3,50,1,16.7,0,0,2,33.3
Jaden Hardy,DAL,30,30,405,137,32,72,44.4,12,14,85.7,78,56.9,44,32.1,6,4.4,11,8,7,5.1
Jazian Gortman,DAL,8,8,23,4,0,2,0,0,0,0,0,0,2,50,0,0,0,0,0,0
Kai Jones,DAL,20,20,173,4,1,3,33.3,0,0,0,2,50,1,25,0,0,0,0,0,0
Kessler Edwards,DAL,17,17,220,17,2,7,28.6,0,0,0,4,23.5,9,52.9,4,23.5,0,0,0,0
Klay Thompson,DAL,33,33,857,120,21,45,46.7,8,10,80,50,41.7,61,50.8,17,14.2,5,4.2,5,4.2
Kyrie Irving,DAL,28,28,984,297,73,156,46.8,37,38,97.4,192,64.6,98,33,28,9.4,18,6.1,19,6.4
Max Christie,DAL,40,40,1063,160,26,63,41.3,32,36,88.9,86,53.8,62,38.8,16,10,14,8.8,18,11.3
Moses Brown,DAL,5,5,69,3,1,2,50,1,2,50,3,100,0,0,0,0,0,0,1,33.3
Naji Marshall,DAL,32,32,825,223,67,120,55.8,21,22,95.5,158,70.9,71,31.8,21,9.4,14,6.3,11,4.9
Olivier-Maxence Prosper,DAL,27,27,267,50,11,24,45.8,10,14,71.4,33,66,18,36,2,4,1,2,7,14
P.J. Washington,DAL,31,31,980,190,39,96,40.6,26,30,86.7,105,55.3,48,25.3,16,8.4,23,12.1,16,8.4
Spencer Dinwiddie,DAL,37,37,962,272,65,115,56.5,40,52,76.9,176,64.7,113,41.5,28,10.3,11,4,26,9.6
Aaron Gordon,DEN,33,33,904,91,20,46,43.5,27,30,90,71,78,24,26.4,5,5.5,4,4.4,15,16.5
Christian Braun,DEN,48,48,1615,142,35,61,57.4,20,22,90.9,92,64.8,60,42.3,20,14.1,6,4.2,11,7.7
Dario Šarić,DEN,7,7,71,4,1,1,100,2,2,100,4,100,1,25,0,0,0,0,1,25
DeAndre Jordan,DEN,37,37,451,0,0,0,0,0,0,0,0,0,0,0,0,0,0,0,0,0
Hunter Tyson,DEN,30,30,268,7,0,3,0,4,4,100,4,57.1,2,28.6,0,0,0,0,2,28.6
Jalen Pickett,DEN,31,31,398,52,11,24,45.8,0,0,0,23,44.2,25,48.1,8,15.4,3,5.8,0,0
Jamal Murray,DEN,41,41,1460,461,117,225,52,40,46,87,284,61.6,183,39.7,56,12.1,16,3.5,23,5
Julian Strawther,DEN,41,41,951,148,42,82,51.2,18,20,90,102,68.9,49,33.1,5,3.4,2,1.4,10,6.8
Michael Porter Jr.,DEN,47,47,1569,124,34,59,57.6,19,24,79.2,88,71,39,31.5,10,8.1,12,9.7,12,9.7
Nikola Jokić,DEN,46,46,1659,196,52,93,55.9,22,32,68.8,130,66.3,61,31.1,17,8.7,13,6.6,16,8.2
PJ Hall,DEN,12,12,37,0,0,0,0,0,0,0,0,0,0,0,0,0,0,0,0,0
Peyton Watson,DEN,40,40,983,73,18,36,50,10,12,83.3,48,65.8,23,31.5,7,9.6,7,9.6,6,8.2
Russell Westbrook,DEN,43,43,1185,397,66,124,53.2,33,52,63.5,170,42.8,193,48.6,57,14.4,34,8.6,26,6.5
Spencer Jones,DEN,13,13,54,1,0,1,0,0,0,0,0,0,0,0,0,0,0,0,0,0
Trey Alexander,DEN,14,14,68,15,6,9,66.7,0,0,0,12,80,6,40,2,13.3,0,0,0,0
Vlatko Čančar,DEN,2,2,35,0,0,0,0,0,0,0,0,0,0,0,0,0,0,0,0,0
Zeke Nnaji,DEN,36,36,416,14,2,4,50,1,2,50,5,35.7,7,50,2,14.3,1,7.1,1,7.1
Ausar Thompson,DET,34,34,763,141,33,63,52.4,16,26,61.5,82,58.2,46,32.6,11,7.8,13,9.2,13,9.2
Bobi Klintman,DET,4,4,11,1,0,1,0,0,0,0,0,0,0,0,0,0,0,0,0,0
Cade Cunningham,DET,38,38,1309,600,171,328,52.1,85,100,85,437,72.8,173,28.8,62,10.3,34,5.7,50,8.3
Daniss Jenkins,DET,3,3,5,0,0,0,0,0,0,0,0,0,0,0,0,0,0,0,0,0
Dennis Schröder,DET,37,37,999,355,70,157,44.6,46,54,85.2,194,54.6,141,39.7,34,9.6,14,3.9,27,7.6
Isaiah Stewart,DET,38,38,774,16,3,11,27.3,1,2,50,8,50,2,12.5,1,6.3,2,12.5,1,6.3
Jaden Ivey,DET,14,14,451,144,34,65,52.3,15,24,62.5,84,58.3,49,34,11,7.6,15,10.4,12,8.3
Jalen Duren,DET,43,43,1145,88,29,52,55.8,14,18,77.8,74,84.1,14,15.9,4,4.5,9,10.2,9,10.2
Lindy Waters III,DET,27,27,335,20,4,9,44.4,0,0,0,8,40,10,50,1,5,0,0,0,0
Malik Beasley,DET,44,44,1224,119,35,74,47.3,15,22,68.2,86,72.3,29,24.4,8,6.7,3,2.5,11,9.2
Marcus Sasser,DET,30,30,416,85,18,32,56.3,10,14,71.4,47,55.3,38,44.7,9,10.6,5,5.9,7,8.2
Paul Reed,DET,22,22,190,9,0,5,0,0,0,0,0,0,4,44.4,1,11.1,0,0,0,0
Ronald Holland II,DET,44,44,700,114,32,59,54.2,19,22,86.4,86,75.4,29,25.4,8,7,6,5.3,11,9.6
Simone Fontecchio,DET,38,38,637,69,13,36,36.1,10,12,83.3,37,53.6,18,26.1,4,5.8,8,11.6,6,8.7
Tim Hardaway Jr.,DET,41,41,1166,79,24,43,55.8,15,18,83.3,65,82.3,22,27.8,10,12.7,4,5.1,9,11.4
Tobias Harris,DET,40,40,1298,165,46,94,48.9,16,20,80,111,67.3,50,30.3,16,9.7,9,5.5,10,6.1
Brandin Podziemski,GSW,38,38,1004,207,41,89,46.1,25,30,83.3,108,52.2,89,43,13,6.3,11,5.3,15,7.2
Braxton Key,GSW,3,3,11,3,0,1,0,0,0,0,0,0,1,33.3,0,0,1,33.3,0,0
Buddy Hield,GSW,48,48,1082,124,21,43,48.8,4,4,100,46,37.1,66,53.2,12,9.7,10,8.1,2,1.6
Draymond Green,GSW,42,42,1218,109,13,40,32.5,15,22,68.2,42,38.5,49,45,14,12.8,6,5.5,11,10.1
Gary Payton II,GSW,36,36,545,26,6,11,54.5,2,2,100,14,53.8,13,50,5,19.2,1,3.8,1,3.8
Gui Santos,GSW,36,36,510,42,4,9,44.4,2,2,100,10,23.8,28,66.7,6,14.3,3,7.1,1,2.4
Jackson Rowe,GSW,4,4,23,0,0,0,0,0,0,0,0,0,0,0,0,0,0,0,0,0
Jimmy Butler III,GSW,36,36,1140,453,54,118,45.8,88,105,83.8,203,44.8,246,54.3,58,12.8,17,3.8,54,11.9
Jonathan Kuminga,GSW,28,28,638,189,47,95,49.5,37,56,66.1,132,69.8,52,27.5,8,4.2,11,5.8,28,14.8
Kevin Knox II,GSW,11,11,70,11,6,7,85.7,0,0,0,12,109.1,1,9.1,0,0,2,18.2,0,0
Kevon Looney,GSW,45,45,692,19,3,12,25,1,2,50,7,36.8,5,26.3,2,10.5,1,5.3,1,5.3
Moses Moody,GSW,45,45,1030,130,29,57,50.9,22,30,73.3,81,62.3,45,34.6,10,7.7,9,6.9,15,11.5
Pat Spencer,GSW,24,24,121,41,5,17,29.4,1,2,50,11,26.8,17,41.5,2,4.9,2,4.9,1,2.4
Quinten Post,GSW,26,26,463,24,2,9,22.2,0,0,0,5,20.8,9,37.5,3,12.5,5,20.8,0,0
Stephen Curry,GSW,41,41,1305,338,70,143,49,36,38,94.7,182,53.8,146,43.2,33,9.8,18,5.3,20,5.9
Trayce Jackson-Davis,GSW,33,33,471,20,9,13,69.2,2,4,50,20,100,5,25,1,5,0,0,2,10
Yuri Collins,GSW,2,2,16,3,0,2,0,0,0,0,0,0,1,33.3,1,33.3,0,0,0,0
Aaron Holiday,HOU,39,39,487,85,15,29,51.7,9,10,90,39,45.9,42,49.4,9,10.6,7,8.2,5,5.9
Alperen Sengun,HOU,52,52,1619,391,114,211,54,44,72,61.1,276,70.6,100,25.6,32,8.2,30,7.7,37,9.5
Amen Thompson,HOU,43,43,1364,302,54,112,48.2,26,34,76.5,136,45,143,47.4,34,11.3,22,7.3,18,6
Cam Whitmore,HOU,30,30,414,67,15,35,42.9,13,16,81.3,43,64.2,19,28.4,4,6,5,7.5,8,11.9
David Roddy,HOU,9,9,101,19,2,3,66.7,0,0,0,4,21.1,14,73.7,3,15.8,1,5.3,0,0
Dillon Brooks,HOU,49,49,1578,192,40,106,37.7,21,28,75,104,54.2,61,31.8,19,9.9,9,4.7,14,7.3
Fred VanVleet,HOU,41,41,1445,351,48,99,48.5,20,24,83.3,116,33,217,61.8,48,13.7,15,4.3,12,3.4
Jabari Smith Jr.,HOU,40,40,1195,92,23,48,47.9,10,16,62.5,58,63,26,28.3,9,9.8,7,7.6,9,9.8
Jack McVeigh,HOU,5,5,15,0,0,0,0,0,0,0,0,0,0,0,0,0,0,0,0,0
Jae'Sean Tate,HOU,38,38,419,54,17,35,48.6,5,6,83.3,39,72.2,15,27.8,1,1.9,1,1.9,3,5.6
Jalen Green,HOU,52,52,1728,527,127,263,48.3,75,92,81.5,340,64.5,160,30.4,32,6.1,41,7.8,46,8.7
Jeff Green,HOU,20,20,216,14,6,10,60,3,4,75,15,107.1,1,7.1,0,0,1,7.1,2,14.3
Jock Landale,HOU,26,26,283,3,0,1,0,0,0,0,0,0,0,0,0,0,1,33.3,0,0
Nate Williams,HOU,14,14,49,12,3,5,60,1,2,50,7,58.3,4,33.3,2,16.7,1,8.3,1,8.3
Reed Sheppard,HOU,30,30,330,41,4,15,26.7,0,0,0,8,19.5,24,58.5,5,12.2,2,4.9,0,0
Steven Adams,HOU,38,38,508,7,0,1,0,0,0,0,0,0,3,42.9,1,14.3,1,14.3,0,0
Tari Eason,HOU,36,36,906,135,31,67,46.3,9,14,64.3,72,53.3,53,39.3,8,5.9,4,3,7,5.2
Aaron Nesmith,IND,29,29,726,115,31,59,52.5,21,21,100,86,74.8,36,31.3,7,6.1,5,4.3,11,9.6
Andrew Nembhard,IND,44,44,1283,333,68,129,52.7,35,51,68.6,176,52.9,152,45.6,47,14.1,15,4.5,26,7.8
Ben Sheppard,IND,40,40,747,25,3,9,33.3,1,2,50,7,28,14,56,5,20,0,0,1,4
Bennedict Mathurin,IND,43,43,1282,276,68,134,50.7,59,70,84.3,201,72.8,72,26.1,16,5.8,22,8,35,12.7
Cole Swider,IND,5,5,107,3,1,2,50,0,0,0,2,66.7,1,33.3,0,0,0,0,0,0
Enrique Freeman,IND,7,7,70,3,0,0,0,0,0,0,0,0,2,66.7,0,0,1,33.3,0,0
Isaiah Jackson,IND,1,1,25,0,0,0,0,0,0,0,0,0,0,0,0,0,0,0,0,0
James Johnson,IND,5,5,11,1,0,0,0,0,0,0,0,0,1,100,1,100,0,0,0,0
James Wiseman,IND,1,1,5,0,0,0,0,0,0,0,0,0,0,0,0,0,0,0,0,0
Jarace Walker,IND,45,45,657,96,23,40,57.5,3,10,30,51,53.1,41,42.7,12,12.5,9,9.4,5,5.2
Johnny Furphy,IND,31,31,171,5,0,2,0,0,0,0,0,0,2,40,0,0,1,20,0,0
Myles Turner,IND,44,44,1329,65,15,38,39.5,17,20,85,50,76.9,10,15.4,0,0,7,10.8,10,15.4
Obi Toppin,IND,48,48,955,109,34,52,65.4,8,12,66.7,78,71.6,35,32.1,7,6.4,11,10.1,6,5.5
Pascal Siakam,IND,47,47,1537,288,79,143,55.2,19,30,63.3,182,63.2,112,38.9,27,9.4,11,3.8,15,5.2
Quenton Jackson,IND,14,14,183,40,5,16,31.3,6,6,100,17,42.5,20,50,6,15,1,2.5,3,7.5
RayJ Dennis,IND,7,7,43,14,2,4,50,0,0,0,4,28.6,9,64.3,2,14.3,1,7.1,0,0
T.J. McConnell,IND,49,49,878,554,119,234,50.9,17,20,85,258,46.6,260,46.9,57,10.3,27,4.9,10,1.8
Thomas Bryant,IND,44,44,669,8,2,3,66.7,2,2,100,6,75,1,12.5,0,0,3,37.5,1,12.5
Tony Bradley,IND,11,11,76,2,1,1,100,1,2,50,3,150,0,0,0,0,0,0,1,50
Tyrese Haliburton,IND,46,46,1533,508,110,182,60.4,38,46,82.6,268,52.8,276,54.3,69,13.6,12,2.4,23,4.5
Amir Coffey,LAC,41,41,969,83,26,55,47.3,10,12,83.3,63,75.9,15,18.1,4,4.8,7,8.4,6,7.2
Ben Simmons,LAC,26,26,531,90,17,35,48.6,4,4,100,39,43.3,46,51.1,11,12.2,5,5.6,2,2.2
Bogdan Bogdanović,LAC,33,33,811,177,40,71,56.3,13,14,92.9,93,52.5,88,49.7,22,12.4,11,6.2,7,4
Cam Christie,LAC,10,10,34,3,0,0,0,0,0,0,0,0,3,100,1,33.3,0,0,0,0
Derrick Jones Jr.,LAC,48,48,1142,83,25,50,50,14,20,70,68,81.9,14,16.9,4,4.8,9,10.8,10,12
Drew Eubanks,LAC,25,25,245,17,5,7,71.4,5,8,62.5,15,88.2,4,23.5,0,0,1,5.9,4,23.5
Ivica Zubac,LAC,50,50,1646,39,16,27,59.3,4,8,50,37,94.9,7,17.9,3,7.7,1,2.6,4,10.3
James Harden,LAC,50,50,1785,742,162,321,50.5,125,145,86.2,470,63.3,268,36.1,90,12.1,64,8.6,72,9.7
Jordan Miller,LAC,21,21,204,50,16,29,55.2,0,0,0,33,66,15,30,7,14,5,10,0,0
Kawhi Leonard,LAC,26,26,825,255,71,138,51.4,26,30,86.7,172,67.5,79,31,29,11.4,16,6.3,15,5.9
Kobe Brown,LAC,25,25,134,17,5,8,62.5,1,2,50,11,64.7,6,35.3,2,11.8,2,11.8,1,5.9
Kris Dunn,LAC,45,45,1068,118,22,46,47.8,4,4,100,48,40.7,61,51.7,16,13.6,7,5.9,2,1.7
Nicolas Batum,LAC,47,47,872,9,0,1,0,2,2,100,2,22.2,6,66.7,2,22.2,1,11.1,1,11.1
Norman Powell,LAC,39,39,1273,354,113,218,51.8,39,40,97.5,266,75.1,85,24,23,6.5,15,4.2,21,5.9
Patrick Baldwin Jr.,LAC,3,3,9,0,0,0,0,0,0,0,0,0,0,0,0,0,0,0,0,0
Patty Mills,LAC,12,12,86,6,0,1,0,0,0,0,0,0,4,66.7,0,0,1,16.7,0,0
Trentyn Flowers,LAC,4,4,11,1,0,1,0,0,0,0,0,0,0,0,0,0,0,0,0,0
Alex Len,LAL,21,21,152,0,0,0,0,0,0,0,0,0,0,0,0,0,0,0,0,0
Armel Traore,LAL,5,5,31,1,1,1,100,0,0,0,2,200,0,0,0,0,0,0,0,0
Austin Reaves,LAL,46,46,1609,497,111,215,51.6,93,104,89.4,331,66.6,192,38.6,58,11.7,19,3.8,52,10.5
Bronny James,LAL,17,17,55,20,3,11,27.3,2,4,50,9,45,5,25,1,5,2,10,2,10
Cam Reddish,LAL,15,15,290,14,2,3,66.7,4,10,40,8,57.1,5,35.7,3,21.4,1,7.1,5,35.7
Christian Koloko,LAL,23,23,190,0,0,0,0,0,0,0,0,0,0,0,0,0,0,0,0,0
Dalton Knecht,LAL,47,47,824,55,19,32,59.4,7,8,87.5,45,81.8,15,27.3,4,7.3,3,5.5,4,7.3
Dorian Finney-Smith,LAL,36,36,1062,78,11,26,42.3,1,2,50,23,29.5,40,51.3,7,9,9,11.5,1,1.3
Gabe Vincent,LAL,46,46,985,77,16,35,45.7,1,2,50,34,44.2,32,41.6,10,13,5,6.5,1,1.3
Jarred Vanderbilt,LAL,25,25,381,17,4,8,50,0,0,0,8,47.1,4,23.5,0,0,4,23.5,0,0
Jaxson Hayes,LAL,38,38,779,10,4,5,80,2,4,50,10,100,2,20,0,0,1,10,2,20
Jordan Goodwin,LAL,17,17,291,36,11,17,64.7,0,0,0,22,61.1,18,50,2,5.6,1,2.8,0,0
Kylor Kelley,LAL,3,3,12,0,0,0,0,0,0,0,0,0,0,0,0,0,0,0,0,0
LeBron James,LAL,44,44,1532,444,114,212,53.8,41,55,74.5,276,62.2,160,36,43,9.7,31,7,28,6.3
Luka Dončić,LAL,31,31,1084,476,112,196,57.1,86,106,81.1,323,67.9,181,38,66,13.9,34,7.1,52,10.9
Markieff Morris,LAL,7,7,46,4,0,3,0,0,0,0,0,0,1,25,1,25,0,0,0,0
Maxi Kleber,LAL,18,18,336,26,1,11,9.1,6,6,100,8,30.8,8,30.8,4,15.4,3,11.5,3,11.5
Quincy Olivari,LAL,1,1,8,0,0,0,0,0,0,0,0,0,0,0,0,0,0,0,0,0
Rui Hachimura,LAL,37,37,1219,90,22,45,48.9,20,24,83.3,65,72.2,26,28.9,5,5.6,6,6.7,12,13.3
Shake Milton,LAL,29,29,383,88,23,39,59,9,10,90,56,63.6,37,42,10,11.4,6,6.8,5,5.7
Trey Jemison III,LAL,17,17,173,6,3,5,60,0,0,0,6,100,1,16.7,0,0,0,0,0,0
Brandon Clarke,MEM,40,40,787,74,16,30,53.3,5,8,62.5,37,50,36,48.6,7,9.5,3,4.1,4,5.4
Cam Spencer,MEM,14,14,180,21,3,6,50,4,4,100,11,52.4,12,57.1,2,9.5,1,4.8,2,9.5
Cole Anthony,MEM,35,35,618,248,49,105,46.7,20,22,90.9,119,48,113,45.6,25,10.1,14,5.6,11,4.4
GG Jackson,MEM,19,19,306,68,14,35,40,2,4,50,32,47.1,22,32.4,2,2.9,7,10.3,2,2.9
Ja Morant,MEM,30,30,881,479,118,215,54.9,73,88,83,324,67.6,171,35.7,62,12.9,32,6.7,44,9.2
Jaren Jackson Jr.,MEM,42,42,1237,465,158,311,50.8,75,102,73.5,400,86,65,14,19,4.1,26,5.6,51,11
Jay Huff,MEM,37,37,520,68,14,19,73.7,8,10,80,37,54.4,36,52.9,8,11.8,5,7.4,5,7.4
Jaylen Wells,MEM,47,47,1237,202,38,72,52.8,26,30,86.7,106,52.5,96,47.5,21,10.4,11,5.4,15,7.4
John Konchar,MEM,26,26,324,10,1,2,50,0,0,0,2,20,6,60,1,10,0,0,0,0
Kentavious Caldwell-Pope,MEM,38,38,1117,53,11,24,45.8,6,6,100,29,54.7,21,39.6,8,15.1,4,7.5,3,5.7
Lamar Stevens,MEM,7,7,101,26,7,11,63.6,3,6,50,18,69.2,10,38.5,2,7.7,2,7.7,3,11.5
Luke Kennard,MEM,37,37,853,189,25,45,55.6,4,4,100,55,29.1,127,67.2,30,15.9,11,5.8,2,1.1
Marvin Bagley III,MEM,7,7,82,5,3,3,100,0,2,0,6,120,0,0,0,0,0,0,1,20
Santi Aldama,MEM,38,38,935,164,35,69,50.7,19,22,86.4,91,55.5,75,45.7,16,9.8,7,4.3,11,6.7
Scotty Pippen Jr.,MEM,46,46,993,370,54,112,48.2,20,34,58.8,133,35.9,209,56.5,53,14.3,26,7,17,4.6
Vince Williams Jr.,MEM,10,10,185,28,3,7,42.9,4,4,100,10,35.7,16,57.1,1,3.6,3,10.7,2,7.1
Yuki Kawamura,MEM,17,17,74,20,1,3,33.3,5,6,83.3,7,35,12,60,2,10,2,10,3,15
Zach Edey,MEM,35,35,739,2,0,0,0,2,2,100,2,100,1,50,0,0,0,0,1,50
Zyon Pullin,MEM,1,1,1,1,0,0,0,0,0,0,0,0,1,100,0,0,0,0,0,0
Alec Burks,MIA,26,26,468,48,10,17,58.8,3,4,75,24,50,21,43.8,2,4.2,6,12.5,2,4.2
Andrew Wiggins,MIA,27,27,836,190,41,88,46.6,33,44,75,117,61.6,62,32.6,21,11.1,13,6.8,22,11.6
Bam Adebayo,MIA,36,36,1193,164,48,107,44.9,22,34,64.7,122,74.4,27,16.5,9,5.5,8,4.9,17,10.4
Davion Mitchell,MIA,25,25,714,229,35,64,54.7,10,14,71.4,82,35.8,127,55.5,36,15.7,19,8.3,7,3.1
Dru Smith,MIA,8,8,138,19,5,10,50,0,0,0,10,52.6,7,36.8,0,0,1,5.3,0,0
Duncan Robinson,MIA,30,30,730,140,27,50,54,6,6,100,60,42.9,68,48.6,17,12.1,16,11.4,3,2.1
Haywood Highsmith,MIA,35,35,887,55,3,14,21.4,5,6,83.3,11,20,31,56.4,3,5.5,6,10.9,3,5.5
Isaiah Stevens,MIA,3,3,6,3,0,1,0,0,0,0,0,0,2,66.7,0,0,0,0,0,0
Jaime Jaquez Jr.,MIA,32,32,607,155,40,77,51.9,22,28,78.6,104,67.1,50,32.3,7,4.5,14,9,13,8.4
Josh Christopher,MIA,9,9,20,5,0,3,0,0,0,0,0,0,2,40,0,0,0,0,0,0
Josh Richardson,MIA,4,4,75,12,0,2,0,2,2,100,2,16.7,7,58.3,0,0,2,16.7,1,8.3
Kel'el Ware,MIA,28,28,597,11,2,9,22.2,0,0,0,4,36.4,1,9.1,1,9.1,0,0,0,0
Keshad Johnson,MIA,10,10,25,2,1,1,100,0,0,0,2,100,1,50,0,0,0,0,0,0
Kevin Love,MIA,13,13,150,8,1,3,33.3,0,0,0,2,25,5,62.5,3,37.5,0,0,0,0
Kyle Anderson,MIA,30,30,489,111,26,56,46.4,9,10,90,63,56.8,41,36.9,12,10.8,6,5.4,5,4.5
Nikola Jović,MIA,21,21,567,92,15,29,51.7,8,11,72.7,38,41.3,45,48.9,17,18.5,7,7.6,6,6.5
Pelle Larsson,MIA,24,24,345,57,12,26,46.2,5,8,62.5,30,52.6,21,36.8,5,8.8,4,7,4,7
Terry Rozier,MIA,27,27,711,164,40,90,44.4,8,10,80,89,54.3,61,37.2,14,8.5,7,4.3,5,3
Tyler Herro,MIA,37,37,1271,483,116,207,56,37,44,84.1,278,57.6,214,44.3,65,13.5,27,5.6,22,4.6
AJ Green,MIL,44,44,1030,39,3,7,42.9,2,2,100,8,20.5,29,74.4,5,12.8,2,5.1,1,2.6
Andre Jackson Jr.,MIL,39,39,577,39,4,19,21.1,1,2,50,9,23.1,18,46.2,3,7.7,1,2.6,1,2.6
Bobby Portis,MIL,30,30,757,42,10,28,35.7,2,2,100,22,52.4,8,19,1,2.4,4,9.5,1,2.4
Brook Lopez,MIL,47,47,1512,77,25,46,54.3,11,12,91.7,64,83.1,17,22.1,5,6.5,5,6.5,6,7.8
Chris Livingston,MIL,15,15,65,7,1,3,33.3,2,2,100,4,57.1,3,42.9,0,0,0,0,1,14.3
Damian Lillard,MIL,32,32,1147,353,89,158,56.3,51,54,94.4,236,66.9,135,38.2,44,12.5,20,5.7,27,7.6
Gary Trent Jr.,MIL,44,44,1122,86,29,57,50.9,11,12,91.7,70,81.4,18,20.9,7,8.1,1,1.2,7,8.1
Giannis Antetokounmpo,MIL,40,40,1341,471,136,216,63,72,120,60,358,76,132,28,38,8.1,41,8.7,61,13
Jamaree Bouyea,MIL,4,4,59,16,5,6,83.3,1,2,50,11,68.8,6,37.5,0,0,2,12.5,1,6.3
Jericho Sims,MIL,34,34,410,5,0,0,0,0,0,0,0,0,2,40,0,0,3,60,0,0
Kevin Porter Jr.,MIL,43,43,865,313,62,138,44.9,44,52,84.6,172,55,121,38.7,33,10.5,22,7,26,8.3
Kyle Kuzma,MIL,25,25,777,169,44,93,47.3,14,24,58.3,104,61.5,46,27.2,12,7.1,15,8.9,12,7.1
Liam Robbins,MIL,8,8,27,0,0,0,0,0,0,0,0,0,0,0,0,0,0,0,0,0
Pat Connaughton,MIL,19,19,303,70,21,37,56.8,7,10,70,51,72.9,23,32.9,3,4.3,3,4.3,5,7.1
Pete Nance,MIL,8,8,78,4,1,1,100,0,0,0,2,50,3,75,1,25,0,0,0,0
Ryan Rollins,MIL,30,30,488,108,25,52,48.1,5,6,83.3,56,51.9,46,42.6,14,13,6,5.6,3,2.8
Stanley Umude,MIL,15,15,54,6,1,4,25,0,0,0,2,33.3,2,33.3,0,0,0,0,0,0
Taurean Prince,MIL,46,46,1235,131,28,61,45.9,6,6,100,62,47.3,57,43.5,9,6.9,7,5.3,3,2.3
Tyler Smith,MIL,12,12,64,0,0,0,0,0,0,0,0,0,0,0,0,0,0,0,0,0
Anthony Edwards,MIN,48,48,1700,588,134,253,53,109,131,83.2,392,66.7,206,35,56,9.5,52,8.8,67,11.4
Bones Hyland,MIN,11,11,78,22,1,3,33.3,1,2,50,3,13.6,12,54.5,3,13.6,4,18.2,1,4.5
Daishen Nix,MIN,3,3,13,2,0,0,0,0,0,0,0,0,1,50,1,50,1,50,0,0
Donte DiVincenzo,MIN,37,37,942,176,25,58,43.1,12,14,85.7,62,35.2,85,48.3,28,15.9,22,12.5,7,4
Jaden McDaniels,MIN,49,49,1532,243,74,146,50.7,21,24,87.5,172,70.8,63,25.9,12,4.9,19,7.8,12,4.9
Jaylen Clark,MIN,28,28,342,28,6,13,46.2,8,10,80,20,71.4,7,25,3,10.7,3,10.7,5,17.9
Jesse Edwards,MIN,2,2,5,0,0,0,0,0,0,0,0,0,0,0,0,0,0,0,0,0
Joe Ingles,MIN,12,12,46,9,1,4,25,0,0,0,2,22.2,5,55.6,1,11.1,0,0,0,0
Josh Minott,MIN,32,32,197,26,6,11,54.5,3,4,75,15,57.7,11,42.3,2,7.7,1,3.8,2,7.7
Julius Randle,MIN,44,44,1382,433,100,187,53.5,71,78,91,278,64.2,170,39.3,36,8.3,23,5.3,39,9
Leonard Miller,MIN,11,11,25,3,2,2,100,2,2,100,6,200,0,0,0,0,0,0,1,33.3
Luka Garza,MIN,28,28,138,5,2,3,66.7,2,2,100,6,120,0,0,0,0,0,0,1,20
Mike Conley,MIN,44,44,1097,242,33,84,39.3,22,26,84.6,86,35.5,123,50.8,49,20.2,16,6.6,12,5
Naz Reid,MIN,47,47,1257,188,58,124,46.8,24,30,80,144,76.6,36,19.1,11,5.9,11,5.9,16,8.5
Nickeil Alexander-Walker,MIN,49,49,1210,191,37,82,45.1,18,22,81.8,97,50.8,75,39.3,19,9.9,18,9.4,11,5.8
PJ Dozier,MIN,7,7,30,4,0,0,0,0,2,0,0,0,3,75,1,25,0,0,1,25
Rob Dillingham,MIN,30,30,277,100,23,44,52.3,2,4,50,48,48,41,41,9,9,7,7,2,2
Rudy Gobert,MIN,43,43,1458,26,9,17,52.9,0,0,0,18,69.2,7,26.9,2,7.7,1,3.8,0,0
Terrence Shannon Jr.,MIN,21,21,191,37,8,18,44.4,3,6,50,19,51.4,12,32.4,1,2.7,2,5.4,3,8.1
Tristen Newton,MIN,2,2,3,2,0,1,0,0,0,0,0,0,0,0,0,0,1,50,0,0
Antonio Reeves,NOP,6,6,70,8,2,6,33.3,0,0,0,4,50,2,25,1,12.5,0,0,0,0
Brandon Boston,NOP,8,8,169,27,4,11,36.4,10,10,100,18,66.7,11,40.7,3,11.1,0,0,5,18.5
Bruce Brown,NOP,15,15,346,77,11,34,32.4,8,10,80,31,40.3,29,37.7,6,7.8,4,5.2,5,6.5
CJ McCollum,NOP,17,17,577,168,46,94,48.9,13,20,65,106,63.1,55,32.7,13,7.7,7,4.2,10,6
Daniel Theis,NOP,10,10,208,3,0,1,0,0,0,0,0,0,1,33.3,0,0,0,0,0,0
Dejounte Murray,NOP,9,9,297,109,21,49,42.9,19,23,82.6,63,57.8,41,37.6,14,12.8,7,6.4,11,10.1
Elfrid Payton,NOP,3,3,59,35,4,16,25,0,0,0,8,22.9,18,51.4,5,14.3,1,2.9,0,0
Herbert Jones,NOP,5,5,164,16,2,7,28.6,2,2,100,6,37.5,8,50,3,18.8,0,0,1,6.3
Jamal Cain,NOP,6,6,46,6,0,3,0,0,0,0,0,0,2,33.3,0,0,1,16.7,0,0
Jeremiah Robinson-Earl,NOP,17,17,240,8,1,4,25,0,0,0,2,25,4,50,1,12.5,0,0,0,0
Jordan Hawkins,NOP,18,18,427,58,13,25,52,3,6,50,31,53.4,26,44.8,6,10.3,4,6.9,3,5.2
Jose Alvarado,NOP,19,19,422,114,16,37,43.2,8,8,100,42,36.8,61,53.5,16,14,7,6.1,4,3.5
Karlo Matković,NOP,12,12,227,2,1,1,100,0,0,0,2,100,1,50,1,50,0,0,0,0
Keion Brooks Jr.,NOP,2,2,55,6,0,5,0,0,0,0,0,0,1,16.7,0,0,0,0,0,0
Kelly Olynyk,NOP,12,12,249,38,4,11,36.4,8,10,80,16,42.1,16,42.1,4,10.5,5,13.2,5,13.2
Lester Quinones,NOP,3,3,26,3,0,0,0,0,0,0,0,0,3,100,0,0,0,0,0,0
Matt Ryan,NOP,14,14,53,9,1,3,33.3,0,0,0,2,22.2,5,55.6,0,0,1,11.1,0,0
Mo Bamba,NOP,19,19,252,4,0,0,0,2,4,50,2,50,2,50,1,25,0,0,2,50
Trey Murphy III,NOP,14,14,510,128,19,54,35.2,23,26,88.5,62,48.4,46,35.9,10,7.8,8,6.3,13,10.2
Yves Missi,NOP,19,19,488,22,2,11,18.2,2,2,100,6,27.3,6,27.3,0,0,4,18.2,1,4.5
Zion Williamson,NOP,10,10,293,166,47,86,54.7,22,30,73.3,118,71.1,50,30.1,15,9,8,4.8,15,9
Anton Watson,NYK,5,5,15,0,0,0,0,0,0,0,0,0,0,0,0,0,0,0,0,0
Ariel Hukporti,NYK,17,17,141,5,0,3,0,0,0,0,0,0,1,20,0,0,1,20,0,0
Cameron Payne,NYK,46,46,710,151,34,76,44.7,17,18,94.4,86,57,56,37.1,17,11.3,6,4,10,6.6
Delon Wright,NYK,22,22,375,63,8,24,33.3,6,8,75,23,36.5,30,47.6,5,7.9,3,4.8,4,6.3
Jalen Brunson,NYK,40,40,1391,647,162,291,55.7,84,112,75,427,66,259,40,72,11.1,28,4.3,56,8.7
Josh Hart,NYK,48,48,1789,215,66,95,69.5,19,26,73.1,158,73.5,91,42.3,31,14.4,12,5.6,13,6
Karl-Anthony Towns,NYK,46,46,1596,359,122,213,57.3,95,115,82.6,357,99.4,45,12.5,16,4.5,27,7.5,57,15.9
Kevin McCullar Jr.,NYK,4,4,29,7,2,4,50,0,0,0,4,57.1,3,42.9,0,0,0,0,0,0
Landry Shamet,NYK,30,30,469,36,13,19,68.4,1,2,50,27,75,13,36.1,0,0,3,8.3,1,2.8
MarJon Beauchamp,NYK,19,19,59,8,1,1,100,3,4,75,5,62.5,4,50,0,0,1,12.5,2,25
Mikal Bridges,NYK,51,51,1895,304,67,143,46.9,17,18,94.4,152,50,133,43.8,36,11.8,15,4.9,9,3
Miles McBride,NYK,39,39,947,135,23,53,43.4,10,10,100,56,41.5,68,50.4,14,10.4,3,2.2,5,3.7
Mitchell Robinson,NYK,10,10,167,1,0,1,0,0,0,0,0,0,0,0,0,0,0,0,0,0
OG Anunoby,NYK,45,45,1642,257,48,109,44,54,64,84.4,152,59.1,97,37.7,24,9.3,13,5.1,32,12.5
P.J. Tucker,NYK,1,1,29,1,0,1,0,0,0,0,0,0,0,0,0,0,0,0,0,0
Pacôme Dadiet,NYK,14,14,82,7,0,1,0,2,2,100,2,28.6,5,71.4,0,0,0,0,1,14.3
Precious Achiuwa,NYK,36,36,745,59,16,39,41,3,4,75,35,59.3,13,22,5,8.5,5,8.5,2,3.4
Tyler Kolek,NYK,27,27,216,71,11,25,44,2,2,100,25,35.2,43,60.6,11,15.5,1,1.4,1,1.4
Aaron Wiggins,OKC,62,62,1439,326,91,168,54.2,32,36,88.9,216,66.3,121,37.1,35,10.7,16,4.9,18,5.5
Adam Flagler,OKC,34,34,188,24,7,14,50,0,0,0,15,62.5,9,37.5,5,20.8,1,4.2,0,0
Ajay Mitchell,OKC,31,31,528,190,44,70,62.9,8,10,80,100,52.6,97,51.1,22,11.6,14,7.4,5,2.6
Alex Caruso,OKC,44,44,848,90,16,31,51.6,12,12,100,46,51.1,47,52.2,17,18.9,2,2.2,6,6.7
Alex Ducas,OKC,20,20,122,6,1,4,25,0,0,0,2,33.3,1,16.7,0,0,1,16.7,0,0
Branden Carlson,OKC,29,29,234,9,1,4,25,0,0,0,2,22.2,4,44.4,1,11.1,1,11.1,0,0
Cason Wallace,OKC,55,55,1493,245,52,109,47.7,5,6,83.3,109,44.5,111,45.3,29,11.8,16,6.5,3,1.2
Chet Holmgren,OKC,26,26,721,152,30,70,42.9,24,32,75,87,57.2,53,34.9,13,8.6,12,7.9,16,10.5
Dillon Jones,OKC,45,45,464,60,8,23,34.8,3,8,37.5,20,33.3,29,48.3,8,13.3,4,6.7,4,6.7
Isaiah Hartenstein,OKC,49,49,1377,54,12,29,41.4,3,4,75,27,50,17,31.5,4,7.4,5,9.3,2,3.7
Isaiah Joe,OKC,63,63,1365,139,17,37,45.9,11,14,78.6,47,33.8,84,60.4,15,10.8,7,5,7,5
Jalen Williams,OKC,55,55,1763,719,171,371,46.1,90,114,78.9,445,61.9,233,32.4,78,10.8,39,5.4,58,8.1
Jaylin Williams,OKC,40,40,665,33,4,10,40,3,6,50,12,36.4,16,48.5,6,18.2,1,3,3,9.1
Kenrich Williams,OKC,58,58,963,147,32,66,48.5,8,10,80,77,52.4,64,43.5,13,8.8,9,6.1,5,3.4
Luguentz Dort,OKC,57,57,1647,158,17,48,35.4,7,10,70,41,25.9,94,59.5,25,15.8,9,5.7,5,3.2
Malevy Leons,OKC,6,6,21,0,0,0,0,0,0,0,0,0,0,0,0,0,0,0,0,0
Ousmane Dieng,OKC,30,30,364,43,5,13,38.5,5,6,83.3,15,34.9,22,51.2,5,11.6,3,7,3,7
Shai Gilgeous-Alexander,OKC,63,63,2118,1256,361,623,57.9,210,232,90.5,961,76.5,437,34.8,112,8.9,45,3.6,116,9.2
Anthony Black,ORL,39,39,949,267,59,124,47.6,27,34,79.4,147,55.1,88,33,26,9.7,24,9,17,6.4
Caleb Houstan,ORL,29,29,394,19,1,2,50,0,0,0,2,10.5,16,84.2,2,10.5,1,5.3,0,0
Cory Joseph,ORL,26,26,338,52,6,15,40,4,4,100,16,30.8,29,55.8,9,17.3,2,3.8,2,3.8
Desmond Bane,ORL,38,38,1204,422,96,181,53,22,26,84.6,221,52.4,194,46,50,11.8,21,5,13,3.1
Franz Wagner,ORL,33,33,1088,413,118,238,49.6,53,62,85.5,295,71.4,115,27.8,39,9.4,21,5.1,31,7.5
Gary Harris,ORL,28,28,432,15,0,3,0,0,2,0,0,0,8,53.3,2,13.3,3,20,1,6.7
Goga Bitadze,ORL,38,38,758,18,5,10,50,2,2,100,12,66.7,2,11.1,2,11.1,3,16.7,1,5.6
Jalen Suggs,ORL,20,20,524,128,26,64,40.6,17,20,85,73,57,42,32.8,14,10.9,11,8.6,10,7.8
Jett Howard,ORL,29,29,299,25,4,6,66.7,1,2,50,9,36,14,56,2,8,4,16,1,4
Jonathan Isaac,ORL,35,35,577,8,2,6,33.3,0,0,0,4,50,1,12.5,0,0,1,12.5,0,0
Mac McClung,ORL,1,1,5,1,0,1,0,0,0,0,0,0,0,0,0,0,0,0,0,0
Moritz Wagner,ORL,18,18,325,53,20,30,66.7,7,10,70,48,90.6,8,15.1,2,3.8,8,15.1,5,9.4
Paolo Banchero,ORL,21,21,719,253,55,112,49.1,65,90,72.2,181,71.5,72,28.5,20,7.9,11,4.3,44,17.4
Trevelin Queen,ORL,15,15,176,24,5,9,55.6,2,2,100,12,50,11,45.8,2,8.3,3,12.5,1,4.2
Tristan da Silva,ORL,35,35,726,68,17,35,48.6,4,4,100,38,55.9,24,35.3,6,8.8,4,5.9,2,2.9
Wendell Carter Jr.,ORL,31,31,796,27,10,16,62.5,7,8,87.5,28,103.7,3,11.1,0,0,2,7.4,4,14.8
Adem Bona,PHI,12,12,197,10,0,2,0,1,2,50,1,10,5,50,1,10,1,10,1,10
Alex Reese,PHI,4,4,45,0,0,0,0,0,0,0,0,0,0,0,0,0,0,0,0,0
Andre Drummond,PHI,12,12,200,6,3,5,60,0,0,0,6,100,0,0,0,0,1,16.7,0,0
Eric Gordon,PHI,12,12,278,36,9,14,64.3,9,12,75,28,77.8,14,38.9,4,11.1,1,2.8,6,16.7
Guerschon Yabusele,PHI,23,23,601,39,9,22,40.9,8,8,100,26,66.7,7,17.9,2,5.1,3,7.7,4,10.3
Jalen Hood-Schifino,PHI,3,3,38,8,2,3,66.7,2,2,100,6,75,2,25,0,0,1,12.5,1,12.5
Jared Butler,PHI,6,6,115,50,6,14,42.9,2,2,100,14,28,29,58,9,18,4,8,1,2
Jared McCain,PHI,7,7,187,53,15,28,53.6,2,2,100,32,60.4,22,41.5,3,5.7,2,3.8,1,1.9
Jeff Dowtin Jr.,PHI,10,10,139,35,11,20,55,6,8,75,28,80,10,28.6,1,2.9,1,2.9,4,11.4
Joel Embiid,PHI,8,8,245,50,21,31,67.7,16,18,88.9,60,120,9,18,2,4,1,2,9,18
Justin Edwards,PHI,11,11,250,27,5,11,45.5,1,2,50,11,40.7,11,40.7,2,7.4,2,7.4,1,3.7
Kelly Oubre Jr.,PHI,21,21,740,116,38,73,52.1,5,12,41.7,84,72.4,28,24.1,5,4.3,7,6,6,5.2
Kyle Lowry,PHI,14,14,258,26,4,8,50,4,4,100,12,46.2,16,61.5,5,19.2,0,0,2,7.7
Lonnie Walker IV,PHI,3,3,68,20,6,10,60,6,6,100,18,90,5,25,1,5,2,10,3,15
Marcus Bagley,PHI,1,1,27,0,0,0,0,0,0,0,0,0,0,0,0,0,0,0,0,0
Oshae Brissett,PHI,1,1,25,1,1,1,100,0,0,0,2,200,0,0,0,0,0,0,0,0
Paul George,PHI,15,15,488,141,23,43,53.5,17,20,85,65,46.1,77,54.6,27,19.1,8,5.7,10,7.1
Quentin Grimes,PHI,29,29,689,135,29,56,51.8,24,30,80,84,62.2,46,34.1,9,6.7,16,11.9,14,10.4
Reggie Jackson,PHI,11,11,166,26,8,15,53.3,0,0,0,17,65.4,10,38.5,2,7.7,1,3.8,0,0
Ricky Council IV,PHI,16,16,274,40,11,18,61.1,5,6,83.3,27,67.5,16,40,5,12.5,3,7.5,3,7.5
Tyrese Maxey,PHI,20,20,767,287,91,169,53.8,35,40,87.5,225,78.4,80,27.9,20,7,11,3.8,20,7
Bol Bol,PHX,10,10,109,11,2,4,50,5,6,83.3,9,81.8,3,27.3,1,9.1,1,9.1,3,27.3
Bradley Beal,PHX,22,22,701,180,41,66,62.1,19,25,76,101,56.1,85,47.2,18,10,13,7.2,13,7.2
Cody Martin,PHX,16,16,370,55,12,24,50,6,8,75,30,54.5,25,45.5,8,14.5,2,3.6,4,7.3
Collin Gillespie,PHX,12,12,167,41,8,18,44.4,4,4,100,21,51.2,19,46.3,2,4.9,2,4.9,2,4.9
Damion Lee,PHX,6,6,41,10,2,4,50,0,0,0,4,40,4,40,1,10,2,20,0,0
Devin Booker,PHX,35,35,1312,458,95,177,53.7,58,66,87.9,257,56.1,220,48,56,12.2,20,4.4,33,7.2
Grayson Allen,PHX,29,29,679,135,21,49,42.9,27,30,90,70,51.9,63,46.7,17,12.6,5,3.7,15,11.1
Jalen Bridges,PHX,1,1,1,0,0,0,0,0,0,0,0,0,0,0,0,0,0,0,0,0
Kevin Durant,PHX,33,33,1183,327,109,190,57.4,47,54,87,277,84.7,88,26.9,30,9.2,15,4.6,28,8.6
Mason Plumlee,PHX,33,33,547,23,2,5,40,1,4,25,5,21.7,13,56.5,2,8.7,1,4.3,2,8.7
Monté Morris,PHX,21,21,231,41,6,22,27.3,2,2,100,14,34.1,18,43.9,3,7.3,0,0,1,2.4
Nick Richards,PHX,17,17,427,9,2,3,66.7,2,2,100,6,66.7,3,33.3,1,11.1,2,22.2,1,11.1
Oso Ighodaro,PHX,25,25,452,16,5,7,71.4,1,2,50,11,68.8,8,50,0,0,0,0,1,6.3
Royce O'Neale,PHX,33,33,803,50,11,24,45.8,0,0,0,23,46,23,46,3,6,3,6,0,0
Ryan Dunn,PHX,32,32,631,66,12,29,41.4,1,4,25,25,37.9,30,45.5,6,9.1,3,4.5,2,3
TyTy Washington Jr.,PHX,4,4,10,1,0,0,0,0,0,0,0,0,1,100,0,0,0,0,0,0
Tyus Jones,PHX,36,36,1014,163,39,78,50,8,8,100,86,52.8,72,44.2,15,9.2,4,2.5,4,2.5
Vasilije Micic,PHX,8,8,134,41,7,19,36.8,4,4,100,19,46.3,17,41.5,6,14.6,2,4.9,2,4.9
Anfernee Simons,POR,28,28,917,270,74,147,50.3,39,42,92.9,191,70.7,82,30.4,19,7,14,5.2,21,7.8
Bryce McGowens,POR,8,8,20,7,0,4,0,4,4,100,4,57.1,1,14.3,1,14.3,0,0,2,28.6
Dalano Banton,POR,28,28,480,168,35,70,50,20,28,71.4,94,56,72,42.9,14,8.3,8,4.8,14,8.3
Deandre Ayton,POR,17,17,570,21,5,14,35.7,1,2,50,11,52.4,4,19,1,4.8,2,9.5,1,4.8
Deni Avdija,POR,33,33,981,349,65,113,57.5,68,86,79.1,208,59.6,154,44.1,31,8.9,24,6.9,44,12.6
Donovan Clingan,POR,29,29,577,2,0,1,0,0,0,0,0,0,0,0,0,0,1,50,0,0
Duop Reath,POR,19,19,182,11,3,9,33.3,0,0,0,6,54.5,1,9.1,1,9.1,1,9.1,0,0
Jabari Walker,POR,23,23,277,32,8,16,50,9,10,90,25,78.1,8,25,1,3.1,2,6.3,5,15.6
Jerami Grant,POR,22,22,737,164,25,71,35.2,29,34,85.3,81,49.4,57,34.8,13,7.9,12,7.3,17,10.4
Justin Minaya,POR,8,8,48,10,0,0,0,1,2,50,1,10,7,70,2,20,2,20,1,10
Kris Murray,POR,31,31,488,70,18,31,58.1,1,8,12.5,39,55.7,25,35.7,5,7.1,8,11.4,4,5.7
Matisse Thybulle,POR,8,8,161,25,1,13,7.7,0,2,0,2,8,7,28,2,8,2,8,1,4
Rayan Rupert,POR,23,23,162,29,3,8,37.5,2,2,100,9,31,12,41.4,0,0,5,17.2,1,3.4
Robert Williams III,POR,7,7,138,1,1,1,100,0,0,0,2,200,0,0,0,0,0,0,0,0
Scoot Henderson,POR,30,30,784,333,58,120,48.3,26,32,81.3,145,43.5,147,44.1,42,12.6,39,11.7,16,4.8
Shaedon Sharpe,POR,32,32,997,262,73,131,55.7,38,46,82.6,193,73.7,80,30.5,13,5,20,7.6,23,8.8
Sidy Cissoko,POR,11,11,54,8,3,3,100,0,0,0,6,75,5,62.5,3,37.5,0,0,0,0
Toumani Camara,POR,33,33,1114,147,35,61,57.4,11,16,68.8,83,56.5,56,38.1,12,8.2,15,10.2,8,5.4
DeMar DeRozan,SAC,38,38,1327,361,102,173,59,53,64,82.8,267,74,133,36.8,36,10,17,4.7,32,8.9
Devin Carter,SAC,18,18,231,59,8,27,29.6,2,4,50,19,32.2,21,35.6,6,10.2,8,13.6,2,3.4
Domantas Sabonis,SAC,36,36,1200,119,25,43,58.1,11,18,61.1,63,52.9,50,42,11,9.2,9,7.6,9,7.6
Doug McDermott,SAC,21,21,138,4,0,4,0,0,0,0,0,0,0,0,0,0,0,0,0,0
Isaac Jones,SAC,19,19,128,6,3,5,60,0,0,0,6,100,1,16.7,0,0,0,0,0,0
Isaiah Crawford,SAC,7,7,20,4,1,2,50,0,0,0,2,50,2,50,0,0,0,0,0,0
Jae Crowder,SAC,3,3,44,2,0,1,0,0,0,0,0,0,0,0,0,0,1,50,0,0
Jake LaRavia,SAC,40,40,805,177,15,49,30.6,19,24,79.2,51,28.8,95,53.7,26,14.7,18,10.2,12,6.8
Jalen McDaniels,SAC,2,2,1,0,0,0,0,0,0,0,0,0,0,0,0,0,0,0,0,0
Jonas Valančiūnas,SAC,23,23,463,17,8,13,61.5,2,2,100,18,105.9,1,5.9,0,0,2,11.8,1,5.9
Keegan Murray,SAC,36,36,1215,142,43,80,53.8,4,4,100,92,64.8,51,35.9,13,9.2,6,4.2,2,1.4
Keon Ellis,SAC,39,39,998,81,12,22,54.5,4,6,66.7,29,35.8,45,55.6,9,11.1,11,13.6,3,3.7
Malik Monk,SAC,36,36,1103,434,96,184,52.2,30,32,93.8,226,52.1,199,45.9,63,14.5,24,5.5,16,3.7
Markelle Fultz,SAC,9,9,93,24,6,11,54.5,0,0,0,12,50,10,41.7,2,8.3,2,8.3,0,0
Mason Jones,SAC,4,4,17,4,2,2,100,0,0,0,4,100,2,50,2,50,0,0,0,0
Skal Labissiere,SAC,2,2,6,1,0,0,0,0,0,0,0,0,1,100,0,0,0,0,0,0
Terence Davis,SAC,1,1,8,2,0,1,0,0,0,0,0,0,1,50,0,0,0,0,0,0
Terry Taylor,SAC,1,1,2,0,0,0,0,0,0,0,0,0,0,0,0,0,0,0,0,0
Trey Lyles,SAC,34,34,703,43,7,14,50,7,12,58.3,22,51.2,20,46.5,4,9.3,2,4.7,6,14
Zach LaVine,SAC,32,32,1112,258,55,98,56.1,36,44,81.8,150,58.1,96,37.2,21,8.1,25,9.7,22,8.5
Bismack Biyombo,SAS,10,10,180,1,0,1,0,0,0,0,0,0,0,0,0,0,0,0,0,0
Blake Wesley,SAS,23,23,277,86,11,23,47.8,8,14,57.1,30,34.9,47,54.7,14,16.3,8,9.3,7,8.1
Charles Bassey,SAS,14,14,138,3,1,2,50,2,2,100,4,133.3,0,0,0,0,0,0,1,33.3
Chris Paul,SAS,34,34,957,125,24,40,60,4,4,100,52,41.6,76,60.8,25,20,6,4.8,2,1.6
De'Aaron Fox,SAS,27,27,966,400,103,192,53.6,60,73,82.2,272,68,133,33.3,42,10.5,27,6.8,37,9.3
Devin Vassell,SAS,24,24,742,167,44,82,53.7,11,14,78.6,101,60.5,62,37.1,14,8.4,10,6,7,4.2
Harrison Barnes,SAS,34,34,944,138,37,64,57.8,38,44,86.4,116,84.1,42,30.4,11,8,3,2.2,22,15.9
Jeremy Sochan,SAS,21,21,586,75,21,35,60,8,12,66.7,50,66.7,30,40,12,16,3,4,6,8
Jordan McLaughlin,SAS,17,17,122,28,2,8,25,0,0,0,4,14.3,18,64.3,3,10.7,2,7.1,0,0
Julian Champagnie,SAS,34,34,858,72,9,32,28.1,4,4,100,22,30.6,31,43.1,6,8.3,5,6.9,2,2.8
Keldon Johnson,SAS,31,31,757,166,46,96,47.9,19,26,73.1,113,68.1,42,25.3,6,3.6,8,4.8,13,7.8
Malachi Flynn,SAS,2,2,33,12,2,6,33.3,1,2,50,5,41.7,3,25,1,8.3,1,8.3,1,8.3
Malaki Branham,SAS,18,18,200,34,11,18,61.1,6,6,100,28,82.4,12,35.3,5,14.7,1,2.9,3,8.8
Sandro Mamukelashvili,SAS,23,23,249,32,7,14,50,7,8,87.5,21,65.6,13,40.6,2,6.3,0,0,4,12.5
Stephon Castle,SAS,33,33,917,304,50,125,40,62,78,79.5,165,54.3,109,35.9,23,7.6,21,6.9,39,12.8
Victor Wembanyama,SAS,21,21,689,97,26,43,60.5,22,28,78.6,76,78.4,27,27.8,11,11.3,10,10.3,14,14.4
A.J. Lawson,TOR,14,14,265,40,9,19,47.4,5,6,83.3,23,57.5,12,30,1,2.5,3,7.5,3,7.5
Brandon Ingram,TOR,5,5,176,66,13,27,48.1,9,10,90,35,53,24,36.4,6,9.1,7,10.6,5,7.6
Bruno Fernando,TOR,2,2,14,0,0,0,0,0,0,0,0,0,0,0,0,0,0,0,0,0
Chris Boucher,TOR,18,18,309,22,8,11,72.7,5,8,62.5,21,95.5,4,18.2,0,0,3,13.6,4,18.2
Colin Castleton,TOR,15,15,195,10,0,3,0,3,4,75,3,30,4,40,2,20,1,10,2,20
D.J. Carton,TOR,1,1,16,4,0,1,0,0,0,0,0,0,3,75,1,25,0,0,0,0
Garrett Temple,TOR,11,11,95,13,3,6,50,0,0,0,6,46.2,7,53.8,4,30.8,0,0,0,0
Gradey Dick,TOR,15,15,416,57,10,26,38.5,11,12,91.7,32,56.1,17,29.8,7,12.3,8,14,6,10.5
Immanuel Quickley,TOR,12,12,322,140,21,43,48.8,25,28,89.3,70,50,79,56.4,23,16.4,3,2.1,14,10
Ja'Kobe Walter,TOR,19,19,401,59,11,32,34.4,4,4,100,27,45.8,19,32.2,7,11.9,5,8.5,2,3.4
Jakob Poeltl,TOR,21,21,613,25,6,11,54.5,5,6,83.3,18,72,6,24,0,0,5,20,3,12
Jamal Shead,TOR,28,28,537,194,32,81,39.5,7,10,70,74,38.1,86,44.3,24,12.4,14,7.2,5,2.6
Jamison Battle,TOR,21,21,378,23,7,12,58.3,2,2,100,16,69.6,8,34.8,3,13,1,4.3,1,4.3
Jared Rhoden,TOR,8,8,166,26,6,13,46.2,3,4,75,15,57.7,6,23.1,1,3.8,3,11.5,2,7.7
Jonathan Mogbo,TOR,18,18,349,35,5,14,35.7,2,2,100,12,34.3,14,40,3,8.6,3,8.6,1,2.9
Ochai Agbaji,TOR,19,19,506,49,7,15,46.7,3,4,75,17,34.7,29,59.2,6,12.2,2,4.1,2,4.1
Orlando Robinson,TOR,23,23,436,25,5,12,41.7,3,4,75,13,52,10,40,4,16,0,0,2,8
RJ Barrett,TOR,23,23,718,269,64,131,48.9,50,78,64.1,183,68,76,28.3,23,8.6,16,5.9,39,14.5
Scottie Barnes,TOR,26,26,829,265,62,130,47.7,32,42,76.2,161,60.8,98,37,29,10.9,14,5.3,21,7.9
Ulrich Chomche,TOR,3,3,14,0,0,0,0,0,0,0,0,0,0,0,0,0,0,0,0,0
Brice Sensabaugh,UTA,14,14,283,67,22,37,59.5,6,6,100,51,76.1,17,25.4,2,3,7,10.4,4,6
Cody Williams,UTA,9,9,195,19,5,12,41.7,0,0,0,10,52.6,7,36.8,1,5.3,0,0,0,0
Collin Sexton,UTA,14,14,406,164,41,85,48.2,18,22,81.8,104,63.4,48,29.3,16,9.8,9,5.5,11,6.7
Elijah Harkless,UTA,1,1,19,1,0,0,0,0,2,0,0,0,0,0,0,0,0,0,1,100
Isaiah Collier,UTA,14,14,366,124,23,41,56.1,8,12,66.7,55,44.4,60,48.4,16,12.9,11,8.9,6,4.8
Jaden Springer,UTA,22,22,158,32,4,10,40,7,8,87.5,16,50,15,46.9,6,18.8,1,3.1,4,12.5
John Collins,UTA,12,12,373,63,13,30,43.3,9,10,90,37,58.7,14,22.2,3,4.8,7,11.1,5,7.9
Johnny Juzang,UTA,15,15,277,17,7,12,58.3,0,0,0,14,82.4,4,23.5,0,0,1,5.9,0,0
Jordan Clarkson,UTA,10,10,230,105,21,52,40.4,9,14,64.3,55,52.4,37,35.2,15,14.3,7,6.7,8,7.6
KJ Martin,UTA,11,11,260,13,3,3,100,0,0,0,7,53.8,8,61.5,0,0,2,15.4,0,0
Keyonte George,UTA,13,13,384,95,23,51,45.1,15,18,83.3,63,66.3,28,29.5,10,10.5,6,6.3,9,9.5
Kyle Filipowski,UTA,13,13,277,37,11,16,68.8,3,8,37.5,25,67.6,10,27,3,8.1,5,13.5,4,10.8
Lauri Markkanen,UTA,9,9,289,35,7,17,41.2,13,14,92.9,28,80,8,22.9,1,2.9,3,8.6,7,20
Micah Potter,UTA,10,10,164,7,0,1,0,2,2,100,2,28.6,5,71.4,1,14.3,0,0,1,14.3
Oscar Tshiebwe,UTA,3,3,56,0,0,0,0,0,0,0,0,0,0,0,0,0,0,0,0,0
Svi Mykhailiuk,UTA,6,6,125,32,9,13,69.2,2,2,100,21,65.6,16,50,7,21.9,1,3.1,1,3.1
Walker Kessler,UTA,14,14,403,2,0,1,0,0,0,0,0,0,1,50,1,50,0,0,0,0
AJ Johnson,WAS,8,8,146,35,8,16,50,0,0,0,16,45.7,17,48.6,6,17.1,1,2.9,0,0
Alex Sarr,WAS,13,13,349,36,10,23,43.5,2,2,100,22,61.1,10,27.8,1,2.8,2,5.6,1,2.8
Anthony Gill,WAS,7,7,46,8,0,3,0,0,0,0,0,0,4,50,0,0,1,12.5,0,0
Bilal Coulibaly,WAS,13,13,425,94,15,42,35.7,8,12,66.7,40,42.6,32,34,7,7.4,10,10.6,6,6.4
Bub Carrington,WAS,18,18,522,67,11,24,45.8,3,4,75,25,37.3,32,47.8,6,9,9,13.4,2,3
Colby Jones,WAS,12,12,113,25,9,17,52.9,0,0,0,18,72,7,28,1,4,1,4,0,0
Corey Kispert,WAS,14,14,378,63,16,26,61.5,3,4,75,35,55.6,29,46,8,12.7,4,6.3,2,3.2
JT Thor,WAS,10,10,87,12,4,6,66.7,2,2,100,10,83.3,1,8.3,0,0,4,33.3,1,8.3
Jaylen Martin,WAS,3,3,35,5,2,3,66.7,0,0,0,5,100,2,40,0,0,0,0,0,0
Jaylen Nowell,WAS,1,1,24,5,0,3,0,1,2,50,1,20,1,20,1,20,0,0,1,20
Johnny Davis,WAS,4,4,23,2,0,1,0,0,0,0,0,0,1,50,0,0,0,0,0,0
Jordan Poole,WAS,15,15,460,99,23,48,47.9,14,16,87.5,60,60.6,29,29.3,6,6.1,11,11.1,8,8.1
Justin Champagnie,WAS,16,16,352,25,5,12,41.7,1,4,25,11,44,7,28,1,4,4,16,2,8
Khris Middleton,WAS,18,18,426,87,21,41,51.2,7,8,87.5,50,57.5,39,44.8,16,18.4,2,2.3,4,4.6
Kyshawn George,WAS,15,15,403,61,12,18,66.7,7,8,87.5,32,52.5,34,55.7,8,13.1,2,3.3,4,6.6
Malcolm Brogdon,WAS,6,6,144,64,13,29,44.8,7,10,70,36,56.3,24,37.5,8,12.5,4,6.3,5,7.8
Marcus Smart,WAS,17,17,353,87,18,40,45,8,10,80,44,50.6,30,34.5,8,9.2,5,5.7,5,5.7
Richaun Holmes,WAS,9,9,172,7,2,3,66.7,2,2,100,6,85.7,2,28.6,1,14.3,0,0,1,14.3
Tristan Vukcevic,WAS,7,7,132,9,3,5,60,3,4,75,10,111.1,2,22.2,0,0,0,0,2,22.2
